Main CAT,Sub CAT,Class,Sub Class,Company,Brand,SKU Description,Year,Total Sellout,Data_Quality_Flag
Baby Food & Beverages,Baby Foods,Baby Cereal & Porridge,Baby Meals,شركة تان الخليجية التجارية,Hero,HERO BABY MIXED FRUITS 125G,2025,295.1199999999999,whitespace_cleaned:Company|duplicate_key_same_year_review
Baby Food & Beverages,Baby Foods,Baby Cereal & Porridge,Baby Meals,شركة تان الخليجية التجارية,Hero,HERO BABY MIXED FRUITS 125G,2025,851.5640000000001,whitespace_cleaned:Company|sku_trailing_period_removed|duplicate_key_same_year_review
Baby Food & Beverages,Baby Foods,Baby Cereal & Porridge,Baby Meals,شركة تان الخليجية التجارية,Hero,HERO BABY PEACH BANANA 125G,2025,323.69000000000005,whitespace_cleaned:Company|duplicate_key_same_year_review
Baby Food & Beverages,Baby Foods,Baby Cereal & Porridge,Baby Meals,شركة تان الخليجية التجارية,Hero,HERO BABY PEACH BANANA 125G,2025,1247.0400000000004,whitespace_cleaned:Company|sku_trailing_period_removed|duplicate_key_same_year_review
Baby Food & Beverages,Baby Foods,Baby Cereal & Porridge,Baby Cereals,شركة نستله العربية السعودية,Cerelac,CERELAC WHEAT REGULAR 1000G,2025,34569.64000000004,whitespace_cleaned:Company|duplicate_key_same_year_review
Baby Food & Beverages,Baby Foods,Baby Cereal & Porridge,Baby Cereals,شركة نستله العربية السعودية,Cerelac,CERELAC WHEAT REGULAR 1000G,2025,300332.8980000002,whitespace_cleaned:Company|sku_trailing_period_removed|duplicate_key_same_year_review
Baby Food & Beverages,Baby Foods,Baby Cereal & Porridge,Baby Cereals,شركة نستله العربية السعودية,Cerelac,CERELAC WHEAT&FRUT 1K,2025,13966.960000000015,whitespace_cleaned:Company|duplicate_key_same_year_review
Baby Food & Beverages,Baby Foods,Baby Cereal & Porridge,Baby Cereals,شركة نستله العربية السعودية,Cerelac,CERELAC WHEAT&FRUT 1K,2025,154609.34699999992,whitespace_cleaned:Company|sku_trailing_period_removed|duplicate_key_same_year_review
Baby Food & Beverages,Baby Foods,Baby Food Formula,Stage 3 1 Year Plus Milk,شركة مكتب الكمال للاستيراد المحدودة,Pediasure,PEDIASURE COMPLT.M.VANLA3+900G,2026,10398.339130000002,company_filled_from_brand|duplicate_key_same_year_review
Baby Food & Beverages,Baby Foods,Baby Food Formula,Stage 3 1 Year Plus Milk,شركة مكتب الكمال للاستيراد المحدودة,Pediasure,PEDIASURE VANILLA 1+ NEW 900G,2026,4426.452144999999,company_filled_from_brand|duplicate_key_same_year_review
Baby Food & Beverages,Baby Foods,Baby Food Formula,Stage 2 Follow On Milk,شركة مكتب الكمال للاستيراد المحدودة,Similac,SIMILAC ADVANCE #2 2x800G S.O,2026,6293.608668,company_filled_from_brand|duplicate_key_same_year_review
Baby Food & Beverages,Baby Foods,Baby Food Formula,Stage 1 Infant Milk,شركة مكتب الكمال للاستيراد المحدودة,Similac,SIMILAC GOLD #1 800G,2026,11611.217346,company_filled_from_brand|duplicate_key_same_year_review
Baby Food & Beverages,Baby Foods,Baby Food Formula,Stage 2 Follow On Milk,شركة مكتب الكمال للاستيراد المحدودة,Similac,SIMILAC GOLD #2 400G,2026,38.252173,company_filled_from_brand
Baby Food & Beverages,Baby Foods,Baby Food Formula,Stage 2 Follow On Milk,شركة مكتب الكمال للاستيراد المحدودة,Similac,SIMILAC GOLD #2 800G,2026,22978.07820300002,company_filled_from_brand|duplicate_key_same_year_review
Baby Food & Beverages,Baby Foods,Baby Food Formula,Stage 3 1 Year Plus Milk,شركة مكتب الكمال للاستيراد المحدودة,Similac,SIMILAC GOLD MILK #3 800G,2026,5196.89564,company_filled_from_brand|duplicate_key_same_year_review
Baby Food & Beverages,Baby Foods,Baby Food Formula,Stage 3 1 Year Plus Milk,شركة خدمات اطلس الدولية,Blemil,BLEMIL MLK OPTIMUM PRO.#3 800G,2025,29161.120000000006,whitespace_cleaned:Company|duplicate_key_same_year_review
Baby Food & Beverages,Baby Foods,Baby Food Formula,Stage 3 1 Year Plus Milk,شركة خدمات اطلس الدولية,Blemil,BLEMIL MLK OPTIMUM PRO.#3 800G,2025,1059272.128,whitespace_cleaned:Company|sku_trailing_period_removed|duplicate_key_same_year_review
Baby Food & Beverages,Baby Foods,Baby Food Formula,Stage 1 Infant Milk,شركة خدمات اطلس الدولية,Blemil,BLEMIL PLUS MILK EXT.#3 2x600G,2026,27472.973853,whitespace_cleaned:Company|duplicate_key_same_year_review
Baby Food & Beverages,Baby Foods,Baby Food Formula,Stage 3 1 Year Plus Milk,شركة خدمات اطلس الدولية,Blemil,BLEMIL PLUS MILK EXT.#3 2x600G,2026,5557.391293,whitespace_cleaned:Company|duplicate_key_same_year_review
Baby Food & Beverages,Baby Foods,Baby Food Formula,Stage 4 Kids Milk,شركة مكتب الكمال للاستيراد المحدودة,Pediasure,PEDIASURE COMPLT.M.VANLA3+900G,2026,100811.80018000003,whitespace_cleaned:Company|duplicate_key_same_year_review
Baby Food & Beverages,Baby Foods,Baby Food Formula,Stage 4 Kids Milk,شركة مكتب الكمال للاستيراد المحدودة,Pediasure,PEDIASURE VANILLA 1+ NEW 900G,2026,66029.35622400003,whitespace_cleaned:Company|duplicate_key_same_year_review
Baby Food & Beverages,Baby Foods,Baby Food Formula,Stage 2 Follow On Milk,شركة مكتب الكمال للاستيراد المحدودة,Similac,SIMILAC ADVANCE #2 2x800G S.O,2026,34614.825955999986,whitespace_cleaned:Company|duplicate_key_same_year_review
Baby Food & Beverages,Baby Foods,Baby Food Formula,Stage 1 Infant Milk,شركة مكتب الكمال للاستيراد المحدودة,Similac,SIMILAC GOLD #1 800G,2026,90074.88704800008,whitespace_cleaned:Company|duplicate_key_same_year_review
Baby Food & Beverages,Baby Foods,Baby Food Formula,Stage 2 Follow On Milk,شركة مكتب الكمال للاستيراد المحدودة,Similac,SIMILAC GOLD #2 800G,2026,77942.41743900011,whitespace_cleaned:Company|duplicate_key_same_year_review
Baby Food & Beverages,Baby Foods,Baby Food Formula,Stage 3 1 Year Plus Milk,شركة مكتب الكمال للاستيراد المحدودة,Similac,SIMILAC GOLD MILK #3 2x800G,2025,20655.35999999997,whitespace_cleaned:Company|duplicate_key_same_year_review
Baby Food & Beverages,Baby Foods,Baby Food Formula,Stage 3 1 Year Plus Milk,شركة مكتب الكمال للاستيراد المحدودة,Similac,SIMILAC GOLD MILK #3 2x800G,2025,96301.945,whitespace_cleaned:Company|sku_trailing_period_removed|duplicate_key_same_year_review
Baby Food & Beverages,Baby Foods,Baby Food Formula,Stage 3 1 Year Plus Milk,شركة مكتب الكمال للاستيراد المحدودة,Similac,SIMILAC GOLD MILK #3 800G,2026,76786.97391500004,whitespace_cleaned:Company|duplicate_key_same_year_review
Baby Food & Beverages,Baby Foods,Baby Food Formula,Stage 3 1 Year Plus Milk,شركة نستله العربية السعودية,Nido,NIDO P.MILK HONEY 3years 1800G,2026,10555.904290000002,whitespace_cleaned:Company|duplicate_key_same_year_review
Baby Food & Beverages,Baby Foods,Baby Food Formula,Stage 4 Kids Milk,شركة نستله العربية السعودية,Nido,NIDO P.MILK HONEY 3years 1800G,2026,158740.469589,whitespace_cleaned:Company|duplicate_key_same_year_review
Baby Food & Beverages,Baby Foods,Baby Food Formula,Stage 3 1 Year Plus Milk,شركة نستله العربية السعودية,Nido,NIDO P.MILK HONEY 3years 400G,2026,13878.582217999998,whitespace_cleaned:Company|duplicate_key_same_year_review
Baby Food & Beverages,Baby Foods,Baby Food Formula,Stage 4 Kids Milk,شركة نستله العربية السعودية,Nido,NIDO P.MILK HONEY 3years 400G,2026,37891.32090900004,whitespace_cleaned:Company|duplicate_key_same_year_review
Baby Food & Beverages,Baby Foods,Baby Food Formula,Stage 2 Follow On Milk,شركة نستله العربية السعودية,S26,S-26 GOLD STAGE #2 400G,2025,12711.12000000001,whitespace_cleaned:Company|duplicate_key_same_year_review
Baby Food & Beverages,Baby Foods,Baby Food Formula,Stage 2 Follow On Milk,شركة نستله العربية السعودية,S26,S-26 GOLD STAGE #2 400G,2025,73594.77999999998,whitespace_cleaned:Company|sku_trailing_period_removed|duplicate_key_same_year_review
Breakfast & Spreads,Cereals,Cereals Snack Bars,Oats Snack Bar,شركة باسمح للتوزيع التجاري,Nature Valley,NATURE VALLEY OATS BERRIES 42G,2026,45605.83502499993,whitespace_cleaned:Company|duplicate_key_same_year_review
Breakfast & Spreads,Cereals,Cereals Snack Bars,Oats Snack Bar,شركة باسمح للتوزيع التجاري,Nature Valley,NATURE VALLEY OATS'N APPLE 42G,2026,14196.286915000012,whitespace_cleaned:Company|duplicate_key_same_year_review
Breakfast & Spreads,Cereals,Cereals Snack Bars,Oats Snack Bar,شركة باسمح للتوزيع التجاري,Nature Valley,NATURE VALLEY OATS'N CHOCO 21G,2026,28937.509959999963,whitespace_cleaned:Company|duplicate_key_same_year_review
Breakfast & Spreads,Cereals,Cereals Snack Bars,Oats Snack Bar,شركة باسمح للتوزيع التجاري,Nature Valley,NATURE VALLEY OATS'N HONEY 21G,2026,24197.945955999985,whitespace_cleaned:Company|duplicate_key_same_year_review
Breakfast & Spreads,Cereals,Cereals Snack Bars,Oats Snack Bar,شركة باسمح للتوزيع التجاري,Nature Valley,NATURE VALLEY OATS'N HONEY 42G,2026,34515.66076000003,whitespace_cleaned:Company|duplicate_key_same_year_review
Breakfast & Spreads,Cereals,Cereals Snack Bars,Oats Snack Bar,شركة باسمح للتوزيع التجاري,Nature Valley,NATURE VALLEY PEANUT&CHOCO 40G,2026,56831.09830200014,whitespace_cleaned:Company|duplicate_key_same_year_review
Breakfast & Spreads,Cereals,Cereals Snack Bars,Oats Snack Bar,شركة باسمح للتوزيع التجاري,Nature Valley,NATURE VALLEY ROASTD ALMND 42G,2026,35589.50422400005,whitespace_cleaned:Company|duplicate_key_same_year_review
Breakfast & Spreads,Cereals,Cereals Snack Bars,Oats Snack Bar,شركة باسمح للتوزيع التجاري,Nature Valley,NATURE VALLEY S.CREAL&NUT 40G,2026,26413.540171000022,whitespace_cleaned:Company|duplicate_key_same_year_review
Breakfast & Spreads,Cereals,Cereals Snack Bars 1,Oats Snack Bar 1,شركة باسمح للتوزيع التجاري,Nature Valley,NATURE VALLEY OATS BERRIES 42G,2026,7833.912825999999,whitespace_cleaned:Company|duplicate_key_same_year_review
Breakfast & Spreads,Cereals,Cereals Snack Bars 1,Oats Snack Bar 1,شركة باسمح للتوزيع التجاري,Nature Valley,NATURE VALLEY OATS'N APPLE 42G,2026,194.565208,whitespace_cleaned:Company|duplicate_key_same_year_review
Breakfast & Spreads,Cereals,Cereals Snack Bars 1,Oats Snack Bar 1,شركة باسمح للتوزيع التجاري,Nature Valley,NATURE VALLEY OATS'N CHOCO 21G,2026,5375.225673999996,whitespace_cleaned:Company|duplicate_key_same_year_review
Breakfast & Spreads,Cereals,Cereals Snack Bars 1,Oats Snack Bar 1,شركة باسمح للتوزيع التجاري,Nature Valley,NATURE VALLEY OATS'N HONEY 21G,2026,4790.364923000003,whitespace_cleaned:Company|duplicate_key_same_year_review
Breakfast & Spreads,Cereals,Cereals Snack Bars 1,Oats Snack Bar 1,شركة باسمح للتوزيع التجاري,Nature Valley,NATURE VALLEY OATS'N HONEY 42G,2026,4951.286812000004,whitespace_cleaned:Company|duplicate_key_same_year_review
Breakfast & Spreads,Cereals,Cereals Snack Bars 1,Oats Snack Bar 1,شركة باسمح للتوزيع التجاري,Nature Valley,NATURE VALLEY PEANUT&CHOCO 40G,2026,15624.218160000077,whitespace_cleaned:Company|duplicate_key_same_year_review
Breakfast & Spreads,Cereals,Cereals Snack Bars 1,Oats Snack Bar 1,شركة باسمح للتوزيع التجاري,Nature Valley,NATURE VALLEY ROASTD ALMND 42G,2026,7002.608452999996,whitespace_cleaned:Company|duplicate_key_same_year_review
Breakfast & Spreads,Cereals,Cereals Snack Bars 1,Oats Snack Bar 1,شركة باسمح للتوزيع التجاري,Nature Valley,NATURE VALLEY S.CREAL&NUT 40G,2026,3348.782752,whitespace_cleaned:Company|duplicate_key_same_year_review
Breakfast & Spreads,Cereals,Flavored Cereals,Fruit Cereals,Riyadh Food Industries Co.(Spices),Unbranded,W:ASSORTED JELLY SWEETS,2026,302.102951,whitespace_cleaned:Company|duplicate_key_same_year_review
Breakfast & Spreads,Cereals,Flavored Cereals,Chocolate Cereals,Riyadh Food Industries Co.(Spices),Unbranded,W:CHOCOLATE DELUXE,2026,4244.706135,whitespace_cleaned:Company|duplicate_key_same_year_review
Breakfast & Spreads,Cereals,Flavored Cereals,Chocolate Cereals,Riyadh Food Industries Co.(Spices),Unbranded,W:CHOCOLATE MIX,2026,1584.60176,whitespace_cleaned:Company|duplicate_key_same_year_review
Breakfast & Spreads,Cereals,Flavored Cereals,Caramel Cereals,Riyadh Food Industries Co.(Spices),Unbranded,W:SWEET CARAMEL,2026,104.819146,whitespace_cleaned:Company|duplicate_key_same_year_review
Breakfast & Spreads,Cereals,Flavored Cereals,Cocoa Cereals,Saudi Jordanian Industrial Co,Jordina,JORDINA CORN FLAKES CHOCLT250G,2026,99.365231,whitespace_cleaned:Company|duplicate_key_same_year_review
Breakfast & Spreads,Cereals,Flavored Cereals,Chocolate Cereals,شركة السهم لتوزيع الاغذية,Kelloggs,KELLOGGS CHOCO W/PISTACHO 320G,2026,54493.037124000046,whitespace_cleaned:Company|duplicate_key_same_year_review
Breakfast & Spreads,Cereals,Flavored Cereals,Chocolate Cereals,شركة السهم لتوزيع الاغذية,Kelloggs,KELLOGGS CHOCO W/PISTACHO 540G,2026,81986.60003599992,whitespace_cleaned:Company|duplicate_key_same_year_review
Breakfast & Spreads,Cereals,Flavored Cereals,Cocoa Cereals,شركة السهم لتوزيع الاغذية,Kelloggs,KELLOGGS COCO POPS 330G,2026,458334.5147710015,whitespace_cleaned:Company|duplicate_key_same_year_review
Breakfast & Spreads,Cereals,Flavored Cereals,Cocoa Cereals,شركة السهم لتوزيع الاغذية,Kelloggs,KELLOGGS COCO POPS 480G,2026,439539.6819020008,whitespace_cleaned:Company|duplicate_key_same_year_review
Breakfast & Spreads,Cereals,Flavored Cereals,Cocoa Cereals,شركة السهم لتوزيع الاغذية,Kelloggs,KELLOGGS COCO POPS CHOCOS 330G,2026,337972.117320001,whitespace_cleaned:Company|duplicate_key_same_year_review
Breakfast & Spreads,Cereals,Flavored Cereals,Cocoa Cereals,شركة السهم لتوزيع الاغذية,Kelloggs,KELLOGGS COCO POPS CHOCOS 480G,2026,457859.8655290009,whitespace_cleaned:Company|duplicate_key_same_year_review
Breakfast & Spreads,Cereals,Flavored Cereals,Cocoa Cereals,شركة السهم لتوزيع الاغذية,Kelloggs,KELLOGGS COCO POPS FILLS 350G,2026,52889.66545500002,whitespace_cleaned:Company|duplicate_key_same_year_review
Breakfast & Spreads,Cereals,Flavored Cereals,Cocoa Cereals,شركة السهم لتوزيع الاغذية,Kelloggs,KELLOGGS COCO POPS JUMBOS 330G,2026,306042.7218500001,whitespace_cleaned:Company|duplicate_key_same_year_review
Breakfast & Spreads,Cereals,Flavored Cereals,Fruit Cereals,شركة السهم لتوزيع الاغذية,Kelloggs,KELLOGGS FROOT LOOPS 375G,2026,150418.32172599997,whitespace_cleaned:Company|duplicate_key_same_year_review
Breakfast & Spreads,Cereals,Flavored Cereals,Chocolate Cereals,شركة باطوق التجارية,Poppins,POPPINS BOBO CHOC 375G,2026,112715.89252,whitespace_cleaned:Company|duplicate_key_same_year_review
Breakfast & Spreads,Cereals,Flavored Cereals,Chocolate Cereals,شركة باطوق التجارية,Poppins,POPPINS CHOCO BUMPS 375G,2026,93117.41447600003,whitespace_cleaned:Company|duplicate_key_same_year_review
Breakfast & Spreads,Cereals,Flavored Cereals,Chocolate Cereals,شركة باطوق التجارية,Poppins,POPPINS CHOCO BUMPS 750G,2026,98792.74523600012,whitespace_cleaned:Company|duplicate_key_same_year_review
Breakfast & Spreads,Cereals,Flavored Cereals,Chocolate Cereals,شركة باطوق التجارية,Poppins,POPPINS CHOCO POPS 750G,2026,104741.223313,whitespace_cleaned:Company|duplicate_key_same_year_review
Breakfast & Spreads,Cereals,Flavored Cereals,Cocoa Cereals,شركة باطوق التجارية,Poppins,POPPINS COCO BITS 375G,2026,94073.93125599997,whitespace_cleaned:Company|duplicate_key_same_year_review
Breakfast & Spreads,Cereals,Flavored Cereals,Cocoa Cereals,شركة باطوق التجارية,Poppins,POPPINS COCOBITS 750G,2026,97950.59077199997,whitespace_cleaned:Company|duplicate_key_same_year_review
Breakfast & Spreads,Cereals,Flavored Cereals,Chocolate Cereals,شركة خدمات اطلس الدولية,Cuetara,CUETARA CHOCO FLAKES 350G,2026,41621.07653100005,whitespace_cleaned:Company|duplicate_key_same_year_review
Breakfast & Spreads,Cereals,Flavored Cereals,Cocoa Cereals,شركة دار الممون التجارية,Vitabella,VITABELLA CHOCO CRISIES 340G,2026,72500.14724299985,whitespace_cleaned:Company|duplicate_key_same_year_review
Breakfast & Spreads,Cereals,Flavored Cereals,Cocoa Cereals,شركة دار الممون التجارية,Vitabella,VITABELLA CHOCO HAZELNUT 300G,2026,49505.181729999975,whitespace_cleaned:Company|duplicate_key_same_year_review
Breakfast & Spreads,Cereals,Flavored Cereals,Chocolate Cereals,شركة نابكو للتجارة والتوزيع,Delices,DELICES CAPT.CRUSTY CHOCO 375G,2026,142773.6013359999,whitespace_cleaned:Company|duplicate_key_same_year_review
Breakfast & Spreads,Cereals,Flavored Cereals,Honey Cereals,شركة نابكو للتجارة والتوزيع,Delices,DELICES CAPTAIN BUZZ HONY.375G,2026,72008.11027599988,whitespace_cleaned:Company|duplicate_key_same_year_review
Breakfast & Spreads,Cereals,Flavored Cereals,Chocolate Cereals,شركة نابكو للتجارة والتوزيع,Delices,DELICES CPTN CHOKKY CHOCO.375G,2026,112483.10363899992,whitespace_cleaned:Company|duplicate_key_same_year_review
Breakfast & Spreads,Cereals,Flavored Cereals,Chocolate Cereals,شركة نستله العربية السعودية,Country,COUNTRY CORNFLAKES CHOCO 375G,2026,77397.79421299994,whitespace_cleaned:Company|duplicate_key_same_year_review
Breakfast & Spreads,Cereals,Flavored Cereals,Chocolate Cereals,شركة نستله العربية السعودية,Kitkat,KITKAT CEREAL 330G,2026,168966.45591200012,whitespace_cleaned:Company|duplicate_key_same_year_review
Breakfast & Spreads,Cereals,Flavored Cereals,Chocolate Cereals,شركة نستله العربية السعودية,Nesquik,NESQUIK ALPHABET C.CEREAL 325G,2026,178519.77938500006,whitespace_cleaned:Company|duplicate_key_same_year_review
Breakfast & Spreads,Cereals,Flavored Cereals,Chocolate Cereals,شركة نستله العربية السعودية,Nesquik,NESQUIK CHOCO CEREALS 625G,2026,1289804.136472999,whitespace_cleaned:Company|duplicate_key_same_year_review
Breakfast & Spreads,Cereals,Flavored Cereals,Chocolate Cereals,شركة نستله العربية السعودية,Nesquik,NESQUIK CHOCOLATE CEREALS 950G,2026,444882.5771920011,whitespace_cleaned:Company|duplicate_key_same_year_review
Breakfast & Spreads,Cereals,Flavored Cereals,Chocolate Cereals,شركة نستله العربية السعودية,Nesquik,NESQUIK CHOCOLATY CEREAL 330G,2026,1092328.8277349963,whitespace_cleaned:Company|duplicate_key_same_year_review
Breakfast & Spreads,Cereals,Flavored Cereals,Cocoa Cereals,شركة نستله العربية السعودية,Nestle,COCOA PUFFS 375G,2026,115497.84260300008,whitespace_cleaned:Company|duplicate_key_same_year_review
Breakfast & Spreads,Cereals,Flavored Cereals,Honey Cereals,شركة نستله العربية السعودية,Nestle,NESTLE CHEERIOS HONEY NUT375G,2025,28206.41999999999,whitespace_cleaned:Company|duplicate_key_same_year_review
Breakfast & Spreads,Cereals,Flavored Cereals,Honey Cereals,شركة نستله العربية السعودية,Nestle,NESTLE CHEERIOS HONEY NUT375G,2025,185282.97,whitespace_cleaned:Company|sku_trailing_period_removed|duplicate_key_same_year_review
Breakfast & Spreads,Cereals,Flavored Cereals,Honey Cereals,شركة نستله العربية السعودية,Nestle,NESTLE CHEERIOS HONEY NUT375G,2026,152932.05647699934,whitespace_cleaned:Company|sku_trailing_period_removed|duplicate_key_same_year_review
Breakfast & Spreads,Cereals,Flavored Cereals,Honey Cereals,شركة نستله العربية السعودية,Nestle,NESTLE CHEERIOS W/CEREAL 375G,2026,67030.78507499996,whitespace_cleaned:Company|duplicate_key_same_year_review
Breakfast & Spreads,Cereals,Flavored Cereals,Chocolate Cereals,شركة نستله العربية السعودية,Nestle,NESTLE CHOCAPIC 375G,2025,91922.34700000015,whitespace_cleaned:Company|duplicate_key_same_year_review
Breakfast & Spreads,Cereals,Flavored Cereals,Chocolate Cereals,شركة نستله العربية السعودية,Nestle,NESTLE CHOCAPIC 375G,2025,454538.6549999993,whitespace_cleaned:Company|sku_trailing_period_removed|duplicate_key_same_year_review
Breakfast & Spreads,Cereals,Flavored Cereals,Chocolate Cereals,شركة نستله العربية السعودية,Nestle,NESTLE CHOCAPIC 375G,2026,486410.4461269993,whitespace_cleaned:Company|sku_trailing_period_removed|duplicate_key_same_year_review
Breakfast & Spreads,Cereals,Flavored Cereals,Chocolate Cereals,شركة نستله العربية السعودية,Nestle,NESTLE CHOCAPIC 645G,2025,22484.679999999997,whitespace_cleaned:Company|duplicate_key_same_year_review
Breakfast & Spreads,Cereals,Flavored Cereals,Chocolate Cereals,شركة نستله العربية السعودية,Nestle,NESTLE CHOCAPIC 645G,2025,218608.6850000002,whitespace_cleaned:Company|sku_trailing_period_removed|duplicate_key_same_year_review
Breakfast & Spreads,Cereals,Flavored Cereals,Chocolate Cereals,شركة نستله العربية السعودية,Nestle,NESTLE CHOCAPIC 645G,2026,205060.5436609998,whitespace_cleaned:Company|sku_trailing_period_removed|duplicate_key_same_year_review
Breakfast & Spreads,Cereals,Flavored Cereals,Chocolate Cereals,شركة نستله العربية السعودية,Nestle,NESTLE CHOCAPIC CHOCO 6x25G,2026,25300.30303399997,whitespace_cleaned:Company|duplicate_key_same_year_review
Breakfast & Spreads,Cereals,Flavored Cereals,Chocolate Cereals,شركة نستله العربية السعودية,Nestle,NESTLE CHOCAPIC CHOCOLATE 25G,2026,23449.154704,whitespace_cleaned:Company|duplicate_key_same_year_review
Breakfast & Spreads,Cereals,Flavored Cereals,Chocolate Cereals,شركة نستله العربية السعودية,Nestle,NESTLE COKIE CRISP CEREAL 375G,2026,102615.28428600024,whitespace_cleaned:Company|duplicate_key_same_year_review
Breakfast & Spreads,Cereals,Flavored Cereals,Caramel Cereals,شركة نستله العربية السعودية,Nestle,NESTLE F.CRNY CARAML 6x23.5G,2026,49510.989656000005,whitespace_cleaned:Company|duplicate_key_same_year_review
Breakfast & Spreads,Cereals,Flavored Cereals,Caramel Cereals,شركة نستله العربية السعودية,Nestle,NESTLE F.CRUNCHY CARAMEL 23.5G,2026,41688.25863900011,whitespace_cleaned:Company|duplicate_key_same_year_review
Breakfast & Spreads,Cereals,Flavored Cereals,Chocolate Cereals,شركة نستله العربية السعودية,Nestle,NESTLE FITNESS CHOCOLATE 141G,2026,67635.556542,whitespace_cleaned:Company|duplicate_key_same_year_review
Breakfast & Spreads,Cereals,Flavored Cereals,Chocolate Cereals,شركة نستله العربية السعودية,Nestle,NESTLE FITNESS CHOCOLATE 23.5G,2026,57028.24967100007,whitespace_cleaned:Company|duplicate_key_same_year_review
Breakfast & Spreads,Cereals,Flavored Cereals,Fruit Cereals,شركة نستله العربية السعودية,Nestle,NESTLE FITNESS FRUITS 375G,2026,55849.59253799996,whitespace_cleaned:Company|duplicate_key_same_year_review
Breakfast & Spreads,Cereals,Flavored Cereals,Honey Cereals,شركة نستله العربية السعودية,Nestle,NESTLE FITNESS HONEY&ALMO.355G,2026,135181.83169700022,whitespace_cleaned:Company|duplicate_key_same_year_review
Breakfast & Spreads,Cereals,Flavored Cereals,Fruit Cereals,شركة نستله العربية السعودية,Nestle,NESTLE FITNESS STRAWBBERY 141G,2026,30510.74799899996,whitespace_cleaned:Company|duplicate_key_same_year_review
Breakfast & Spreads,Cereals,Flavored Cereals,Fruit Cereals,شركة نستله العربية السعودية,Nestle,NESTLE FITNESS STRAWBERY 23.5G,2026,32599.998295000056,whitespace_cleaned:Company|duplicate_key_same_year_review
Breakfast & Spreads,Cereals,Flavored Cereals,Chocolate Cereals,شركة نستله العربية السعودية,Nestle,NESTLE NESQUIK CALCM+VIT-D 25G,2026,47616.57515199993,whitespace_cleaned:Company|duplicate_key_same_year_review
Breakfast & Spreads,Cereals,Flavored Cereals,Chocolate Cereals,شركة نستله العربية السعودية,Nestle,NESTLE NESQUIK CLCM+VIT-D 150G,2026,42221.599118,whitespace_cleaned:Company|duplicate_key_same_year_review
Breakfast & Spreads,Cereals,Flavored Cereals,Chocolate Cereals,شركة وفرة للصناعة والتنمية,Caprini,CAPRINI CHO.CRISPIES BOYS 250G,2026,147623.7562460005,whitespace_cleaned:Company|duplicate_key_same_year_review
Breakfast & Spreads,Cereals,Flavored Cereals,Chocolate Cereals,شركة وفرة للصناعة والتنمية,Caprini,CAPRINI CHO.CRISPIES GIRL 250G,2026,151357.3427570002,whitespace_cleaned:Company|duplicate_key_same_year_review
Breakfast & Spreads,Cereals,Flavored Cereals,Chocolate Cereals,شركة وفرة للصناعة والتنمية,Caprini,CAPRINI CHOCO BALS F.BOYS 250G,2026,135270.4086150004,whitespace_cleaned:Company|duplicate_key_same_year_review
Breakfast & Spreads,Cereals,Flavored Cereals,Chocolate Cereals,شركة وفرة للصناعة والتنمية,Caprini,CAPRINI CHOCO BALS F.BOYS 250G,2026,34093.81422299991,whitespace_cleaned:Company|sku_trailing_period_removed|duplicate_key_same_year_review
Breakfast & Spreads,Cereals,Flavored Cereals,Chocolate Cereals,شركة وفرة للصناعة والتنمية,Caprini,CAPRINI CHOCO BALS F.GIRLS250G,2026,177386.94830000008,whitespace_cleaned:Company|duplicate_key_same_year_review
Breakfast & Spreads,Cereals,Flavored Cereals 1,Fruit Cereals 1,Riyadh Food Industries Co.(Spices),Unbranded,W:ASSORTED JELLY SWEETS,2026,183.877129,whitespace_cleaned:Company|duplicate_key_same_year_review
Breakfast & Spreads,Cereals,Flavored Cereals 1,Chocolate Cereals 1,Riyadh Food Industries Co.(Spices),Unbranded,W:CHOCOLATE DELUXE,2026,1948.985837,whitespace_cleaned:Company|duplicate_key_same_year_review
Breakfast & Spreads,Cereals,Flavored Cereals 1,Chocolate Cereals 1,Riyadh Food Industries Co.(Spices),Unbranded,W:CHOCOLATE MIX,2026,455.5391809999999,whitespace_cleaned:Company|duplicate_key_same_year_review
Breakfast & Spreads,Cereals,Flavored Cereals 1,Caramel Cereals 1,Riyadh Food Industries Co.(Spices),Unbranded,W:SWEET CARAMEL,2026,36.844469,whitespace_cleaned:Company|duplicate_key_same_year_review
Breakfast & Spreads,Cereals,Flavored Cereals 1,Cocoa Cereals 1,Saudi Jordanian Industrial Co,Jordina,JORDINA CORN FLAKES CHOCLT250G,2026,6.521739,whitespace_cleaned:Company|duplicate_key_same_year_review
Breakfast & Spreads,Cereals,Flavored Cereals 1,Chocolate Cereals 1,شركة السهم لتوزيع الاغذية,Kelloggs,KELLOGGS CHOCO W/PISTACHO 320G,2026,11350.373626000011,whitespace_cleaned:Company|duplicate_key_same_year_review
Breakfast & Spreads,Cereals,Flavored Cereals 1,Chocolate Cereals 1,شركة السهم لتوزيع الاغذية,Kelloggs,KELLOGGS CHOCO W/PISTACHO 540G,2026,5440.817315000004,whitespace_cleaned:Company|duplicate_key_same_year_review
Breakfast & Spreads,Cereals,Flavored Cereals 1,Cocoa Cereals 1,شركة السهم لتوزيع الاغذية,Kelloggs,KELLOGGS COCO POPS 330G,2026,60817.02493800015,whitespace_cleaned:Company|duplicate_key_same_year_review
Breakfast & Spreads,Cereals,Flavored Cereals 1,Cocoa Cereals 1,شركة السهم لتوزيع الاغذية,Kelloggs,KELLOGGS COCO POPS 480G,2026,61331.92905199995,whitespace_cleaned:Company|duplicate_key_same_year_review
Breakfast & Spreads,Cereals,Flavored Cereals 1,Cocoa Cereals 1,شركة السهم لتوزيع الاغذية,Kelloggs,KELLOGGS COCO POPS CHOCOS 330G,2026,65839.76395500013,whitespace_cleaned:Company|duplicate_key_same_year_review
Breakfast & Spreads,Cereals,Flavored Cereals 1,Cocoa Cereals 1,شركة السهم لتوزيع الاغذية,Kelloggs,KELLOGGS COCO POPS CHOCOS 480G,2026,66490.16358199998,whitespace_cleaned:Company|duplicate_key_same_year_review
Breakfast & Spreads,Cereals,Flavored Cereals 1,Cocoa Cereals 1,شركة السهم لتوزيع الاغذية,Kelloggs,KELLOGGS COCO POPS FILLS 350G,2026,12200.860527,whitespace_cleaned:Company|duplicate_key_same_year_review
Breakfast & Spreads,Cereals,Flavored Cereals 1,Cocoa Cereals 1,شركة السهم لتوزيع الاغذية,Kelloggs,KELLOGGS COCO POPS JUMBOS 330G,2026,44454.68600800004,whitespace_cleaned:Company|duplicate_key_same_year_review
Breakfast & Spreads,Cereals,Flavored Cereals 1,Fruit Cereals 1,شركة السهم لتوزيع الاغذية,Kelloggs,KELLOGGS FROOT LOOPS 375G,2026,24632.651922999998,whitespace_cleaned:Company|duplicate_key_same_year_review
Breakfast & Spreads,Cereals,Flavored Cereals 1,Chocolate Cereals 1,شركة باطوق التجارية,Poppins,POPPINS BOBO CHOC 375G,2026,32761.33837599996,whitespace_cleaned:Company|duplicate_key_same_year_review
Breakfast & Spreads,Cereals,Flavored Cereals 1,Chocolate Cereals 1,شركة باطوق التجارية,Poppins,POPPINS CHOCO BUMPS 375G,2026,28618.32098899991,whitespace_cleaned:Company|duplicate_key_same_year_review
Breakfast & Spreads,Cereals,Flavored Cereals 1,Chocolate Cereals 1,شركة باطوق التجارية,Poppins,POPPINS CHOCO BUMPS 750G,2026,25867.495141000007,whitespace_cleaned:Company|duplicate_key_same_year_review
Breakfast & Spreads,Cereals,Flavored Cereals 1,Chocolate Cereals 1,شركة باطوق التجارية,Poppins,POPPINS CHOCO POPS 750G,2026,28835.382037999967,whitespace_cleaned:Company|duplicate_key_same_year_review
Breakfast & Spreads,Cereals,Flavored Cereals 1,Cocoa Cereals 1,شركة باطوق التجارية,Poppins,POPPINS COCO BITS 375G,2026,24391.12264899998,whitespace_cleaned:Company|duplicate_key_same_year_review
Breakfast & Spreads,Cereals,Flavored Cereals 1,Cocoa Cereals 1,شركة باطوق التجارية,Poppins,POPPINS COCOBITS 750G,2026,18411.11269000003,whitespace_cleaned:Company|duplicate_key_same_year_review
Breakfast & Spreads,Cereals,Flavored Cereals 1,Chocolate Cereals 1,شركة خدمات اطلس الدولية,Cuetara,CUETARA CHOCO FLAKES 350G,2026,5329.999789,whitespace_cleaned:Company|duplicate_key_same_year_review
Breakfast & Spreads,Cereals,Flavored Cereals 1,Cocoa Cereals 1,شركة دار الممون التجارية,Vitabella,VITABELLA CHOCO CRISIES 340G,2026,12200.625814999992,whitespace_cleaned:Company|duplicate_key_same_year_review
Breakfast & Spreads,Cereals,Flavored Cereals 1,Cocoa Cereals 1,شركة دار الممون التجارية,Vitabella,VITABELLA CHOCO HAZELNUT 300G,2026,8810.669394999997,whitespace_cleaned:Company|duplicate_key_same_year_review
Breakfast & Spreads,Cereals,Flavored Cereals 1,Chocolate Cereals 1,شركة نابكو للتجارة والتوزيع,Delices,DELICES CAPT.CRUSTY CHOCO 375G,2026,36994.713371000034,whitespace_cleaned:Company|duplicate_key_same_year_review
Breakfast & Spreads,Cereals,Flavored Cereals 1,Honey Cereals 1,شركة نابكو للتجارة والتوزيع,Delices,DELICES CAPTAIN BUZZ HONY.375G,2026,11563.434884000017,whitespace_cleaned:Company|duplicate_key_same_year_review
Breakfast & Spreads,Cereals,Flavored Cereals 1,Chocolate Cereals 1,شركة نابكو للتجارة والتوزيع,Delices,DELICES CPTN CHOKKY CHOCO.375G,2026,33489.017699,whitespace_cleaned:Company|duplicate_key_same_year_review
Breakfast & Spreads,Cereals,Flavored Cereals 1,Chocolate Cereals 1,شركة نستله العربية السعودية,Country,COUNTRY CORNFLAKES CHOCO 375G,2026,16538.286409,whitespace_cleaned:Company|duplicate_key_same_year_review
Breakfast & Spreads,Cereals,Flavored Cereals 1,Chocolate Cereals 1,شركة نستله العربية السعودية,Kitkat,KITKAT CEREAL 330G,2026,31989.964870000025,whitespace_cleaned:Company|duplicate_key_same_year_review
Breakfast & Spreads,Cereals,Flavored Cereals 1,Chocolate Cereals 1,شركة نستله العربية السعودية,Nesquik,NESQUIK ALPHABET C.CEREAL 325G,2026,34896.521738,whitespace_cleaned:Company|duplicate_key_same_year_review
Breakfast & Spreads,Cereals,Flavored Cereals 1,Chocolate Cereals 1,شركة نستله العربية السعودية,Nesquik,NESQUIK CHOCO CEREALS 625G,2026,240032.17562699853,whitespace_cleaned:Company|duplicate_key_same_year_review
Breakfast & Spreads,Cereals,Flavored Cereals 1,Chocolate Cereals 1,شركة نستله العربية السعودية,Nesquik,NESQUIK CHOCOLATE CEREALS 950G,2026,64457.843069999886,whitespace_cleaned:Company|duplicate_key_same_year_review
Breakfast & Spreads,Cereals,Flavored Cereals 1,Chocolate Cereals 1,شركة نستله العربية السعودية,Nesquik,NESQUIK CHOCOLATY CEREAL 330G,2026,201422.3481410005,whitespace_cleaned:Company|duplicate_key_same_year_review
Breakfast & Spreads,Cereals,Flavored Cereals 1,Cocoa Cereals 1,شركة نستله العربية السعودية,Nestle,COCOA PUFFS 375G,2026,19963.44338099996,whitespace_cleaned:Company|duplicate_key_same_year_review
Breakfast & Spreads,Cereals,Flavored Cereals 1,Honey Cereals 1,شركة نستله العربية السعودية,Nestle,NESTLE CHEERIOS HONEY NUT375G,2026,24679.98200599996,whitespace_cleaned:Company|sku_trailing_period_removed|duplicate_key_same_year_review
Breakfast & Spreads,Cereals,Flavored Cereals 1,Honey Cereals 1,شركة نستله العربية السعودية,Nestle,NESTLE CHEERIOS W/CEREAL 375G,2026,4631.791247999999,whitespace_cleaned:Company|duplicate_key_same_year_review
Breakfast & Spreads,Cereals,Flavored Cereals 1,Chocolate Cereals 1,شركة نستله العربية السعودية,Nestle,NESTLE CHOCAPIC 375G,2026,80370.46783799985,whitespace_cleaned:Company|sku_trailing_period_removed|duplicate_key_same_year_review
Breakfast & Spreads,Cereals,Flavored Cereals 1,Chocolate Cereals 1,شركة نستله العربية السعودية,Nestle,NESTLE CHOCAPIC 645G,2026,32254.39114299998,whitespace_cleaned:Company|sku_trailing_period_removed|duplicate_key_same_year_review
Breakfast & Spreads,Cereals,Flavored Cereals 1,Chocolate Cereals 1,شركة نستله العربية السعودية,Nestle,NESTLE CHOCAPIC CHOCO 6x25G,2026,1428.695563999999,whitespace_cleaned:Company|duplicate_key_same_year_review
Breakfast & Spreads,Cereals,Flavored Cereals 1,Chocolate Cereals 1,شركة نستله العربية السعودية,Nestle,NESTLE CHOCAPIC CHOCOLATE 25G,2026,2749.130135999998,whitespace_cleaned:Company|duplicate_key_same_year_review
Breakfast & Spreads,Cereals,Flavored Cereals 1,Chocolate Cereals 1,شركة نستله العربية السعودية,Nestle,NESTLE COKIE CRISP CEREAL 375G,2026,18059.034352000035,whitespace_cleaned:Company|duplicate_key_same_year_review
Breakfast & Spreads,Cereals,Flavored Cereals 1,Caramel Cereals 1,شركة نستله العربية السعودية,Nestle,NESTLE F.CRNY CARAML 6x23.5G,2026,4745.5650350000005,whitespace_cleaned:Company|duplicate_key_same_year_review
Breakfast & Spreads,Cereals,Flavored Cereals 1,Caramel Cereals 1,شركة نستله العربية السعودية,Nestle,NESTLE F.CRUNCHY CARAMEL 23.5G,2026,4947.82574800001,whitespace_cleaned:Company|duplicate_key_same_year_review
Breakfast & Spreads,Cereals,Flavored Cereals 1,Chocolate Cereals 1,شركة نستله العربية السعودية,Nestle,NESTLE FITNESS CHOCOLATE 141G,2026,9178.01709099999,whitespace_cleaned:Company|duplicate_key_same_year_review
Breakfast & Spreads,Cereals,Flavored Cereals 1,Chocolate Cereals 1,شركة نستله العربية السعودية,Nestle,NESTLE FITNESS CHOCOLATE 23.5G,2026,9064.121265000012,whitespace_cleaned:Company|duplicate_key_same_year_review
Breakfast & Spreads,Cereals,Flavored Cereals 1,Fruit Cereals 1,شركة نستله العربية السعودية,Nestle,NESTLE FITNESS FRUITS 375G,2026,9018.556323000006,whitespace_cleaned:Company|duplicate_key_same_year_review
Breakfast & Spreads,Cereals,Flavored Cereals 1,Honey Cereals 1,شركة نستله العربية السعودية,Nestle,NESTLE FITNESS HONEY&ALMO.355G,2026,25561.11260399996,whitespace_cleaned:Company|duplicate_key_same_year_review
Breakfast & Spreads,Cereals,Flavored Cereals 1,Fruit Cereals 1,شركة نستله العربية السعودية,Nestle,NESTLE FITNESS STRAWBBERY 141G,2026,3948.6956210000026,whitespace_cleaned:Company|duplicate_key_same_year_review
Breakfast & Spreads,Cereals,Flavored Cereals 1,Fruit Cereals 1,شركة نستله العربية السعودية,Nestle,NESTLE FITNESS STRAWBERY 23.5G,2026,3855.217123000008,whitespace_cleaned:Company|duplicate_key_same_year_review
Breakfast & Spreads,Cereals,Flavored Cereals 1,Chocolate Cereals 1,شركة نستله العربية السعودية,Nestle,NESTLE NESQUIK CALCM+VIT-D 25G,2026,6652.37391300002,whitespace_cleaned:Company|duplicate_key_same_year_review
Breakfast & Spreads,Cereals,Flavored Cereals 1,Chocolate Cereals 1,شركة نستله العربية السعودية,Nestle,NESTLE NESQUIK CLCM+VIT-D 150G,2026,5030.869424999999,whitespace_cleaned:Company|duplicate_key_same_year_review
Breakfast & Spreads,Cereals,Flavored Cereals 1,Chocolate Cereals 1,شركة وفرة للصناعة والتنمية,Caprini,CAPRINI CHO.CRISPIES BOYS 250G,2026,28249.327564000043,whitespace_cleaned:Company|duplicate_key_same_year_review
Breakfast & Spreads,Cereals,Flavored Cereals 1,Chocolate Cereals 1,شركة وفرة للصناعة والتنمية,Caprini,CAPRINI CHO.CRISPIES GIRL 250G,2026,25930.858182000036,whitespace_cleaned:Company|duplicate_key_same_year_review
Breakfast & Spreads,Cereals,Flavored Cereals 1,Chocolate Cereals 1,شركة وفرة للصناعة والتنمية,Caprini,CAPRINI CHOCO BALS F.BOYS 250G,2026,35806.718447,whitespace_cleaned:Company|sku_trailing_period_removed|duplicate_key_same_year_review
Breakfast & Spreads,Cereals,Flavored Cereals 1,Chocolate Cereals 1,شركة وفرة للصناعة والتنمية,Caprini,CAPRINI CHOCO BALS F.GIRLS250G,2026,23876.91082700006,whitespace_cleaned:Company|duplicate_key_same_year_review
Breakfast & Spreads,Cereals,Granola,Nutty Granola,الشركة المتطورة العالمية التجارية,Sante,SANTE FIT G.STRAWBRY CHRY 300G,2026,34144.94667899994,whitespace_cleaned:Company|duplicate_key_same_year_review
Breakfast & Spreads,Cereals,Granola,Nutty Granola,الشركة المتطورة العالمية التجارية,Sante,SANTE FIT GRANOLA NUTS&COC300G,2026,61435.58980000003,whitespace_cleaned:Company|duplicate_key_same_year_review
Breakfast & Spreads,Cereals,Granola,Fruit & Berry Granola,الشركة المتطورة العالمية التجارية,Sante,SANTE GOLD G.BROWNIE CHRY 300G,2026,44921.180974999945,whitespace_cleaned:Company|duplicate_key_same_year_review
Breakfast & Spreads,Cereals,Granola,Nutty Granola,الشركة المتطورة العالمية التجارية,Sante,SANTE GOLD GR.NUTS&HONEY 300G,2026,69184.99114900002,whitespace_cleaned:Company|duplicate_key_same_year_review
Breakfast & Spreads,Cereals,Granola,Fruit & Berry Granola,الشركة المتطورة العالمية التجارية,Sante,SANTE GRANOLA FRUIT 350G,2026,27969.17297699996,whitespace_cleaned:Company|duplicate_key_same_year_review
Breakfast & Spreads,Cereals,Granola,Nutty Granola,الشركة المتطورة العالمية التجارية,Sante,SANTE T.MUESLI RAI.ALMONDS350G,2026,40310.94754999995,whitespace_cleaned:Company|duplicate_key_same_year_review
Breakfast & Spreads,Cereals,Granola,Classic Granola,شركة السهم لتوزيع الاغذية,Kelloggs,KELLOGGS GRAN.CLASIC OATS 600G,2026,98779.13986199984,whitespace_cleaned:Company|duplicate_key_same_year_review
Breakfast & Spreads,Cereals,Granola,Fruit & Berry Granola,شركة السهم لتوزيع الاغذية,Kelloggs,KELLOGGS GRANOLA COCOA&ALM250G,2026,10273.086904000002,whitespace_cleaned:Company|duplicate_key_same_year_review
Breakfast & Spreads,Cereals,Granola,Nutty Granola,شركة سعيد محمد عبيد بن زقر وشركاه المحدودة,Hanaa,HANAA OATS GRANOLA N.DLGH.400G,2026,55434.78250000016,whitespace_cleaned:Company|duplicate_key_same_year_review
Breakfast & Spreads,Cereals,Granola,Fruit & Berry Granola,شركة سعيد محمد عبيد بن زقر وشركاه المحدودة,Hanaa,HANAA OATS GRANOLA T.FRTY.400G,2026,37518.26079599995,whitespace_cleaned:Company|duplicate_key_same_year_review
Breakfast & Spreads,Cereals,Granola,Fruit & Berry Granola,شركة سعيد محمد عبيد بن زقر وشركاه المحدودة,Hanaa,HANAA OATS GRANOLA V.BRRY.400G,2026,41709.13035300007,whitespace_cleaned:Company|duplicate_key_same_year_review
Breakfast & Spreads,Cereals,Granola,Fruit & Berry Granola,شركة نستله العربية السعودية,Nestle,NESTLE FITNESS GRANOLA HONEY 350G,2026,61321.16417799999,whitespace_cleaned:Company|duplicate_key_same_year_review
Breakfast & Spreads,Cereals,Granola,Fruit & Berry Granola,شركة نستله العربية السعودية,Nestle,NESTLE FITNESS GRANOLA HONEY 600G,2026,54105.365037,whitespace_cleaned:Company|duplicate_key_same_year_review
Breakfast & Spreads,Cereals,Granola 1,Nutty Granola 1,الشركة المتطورة العالمية التجارية,Sante,SANTE FIT G.STRAWBRY CHRY 300G,2026,7050.9127829999925,whitespace_cleaned:Company|duplicate_key_same_year_review
Breakfast & Spreads,Cereals,Granola 1,Nutty Granola 1,الشركة المتطورة العالمية التجارية,Sante,SANTE FIT GRANOLA NUTS&COC300G,2026,7188.747809000002,whitespace_cleaned:Company|duplicate_key_same_year_review
Breakfast & Spreads,Cereals,Granola 1,Fruit & Berry Granola 1,الشركة المتطورة العالمية التجارية,Sante,SANTE GOLD G.BROWNIE CHRY 300G,2026,12502.756030999986,whitespace_cleaned:Company|duplicate_key_same_year_review
Breakfast & Spreads,Cereals,Granola 1,Nutty Granola 1,الشركة المتطورة العالمية التجارية,Sante,SANTE GOLD GR.NUTS&HONEY 300G,2026,13366.39132499999,whitespace_cleaned:Company|duplicate_key_same_year_review
Breakfast & Spreads,Cereals,Granola 1,Fruit & Berry Granola 1,الشركة المتطورة العالمية التجارية,Sante,SANTE GRANOLA FRUIT 350G,2026,9334.460525999988,whitespace_cleaned:Company|duplicate_key_same_year_review
Breakfast & Spreads,Cereals,Granola 1,Nutty Granola 1,الشركة المتطورة العالمية التجارية,Sante,SANTE T.MUESLI RAI.ALMONDS350G,2026,2562.9391240000004,whitespace_cleaned:Company|duplicate_key_same_year_review
Breakfast & Spreads,Cereals,Granola 1,Classic Granola 1,شركة السهم لتوزيع الاغذية,Kelloggs,KELLOGGS GRAN.CLASIC OATS 600G,2026,14292.825962000004,whitespace_cleaned:Company|duplicate_key_same_year_review
Breakfast & Spreads,Cereals,Granola 1,Fruit & Berry Granola 1,شركة السهم لتوزيع الاغذية,Kelloggs,KELLOGGS GRANOLA COCOA&ALM250G,2026,43.043478,whitespace_cleaned:Company|duplicate_key_same_year_review
Breakfast & Spreads,Cereals,Granola 1,Nutty Granola 1,شركة سعيد محمد عبيد بن زقر وشركاه المحدودة,Hanaa,HANAA OATS GRANOLA N.DLGH.400G,2026,26409.147774,whitespace_cleaned:Company|duplicate_key_same_year_review
Breakfast & Spreads,Cereals,Granola 1,Fruit & Berry Granola 1,شركة سعيد محمد عبيد بن زقر وشركاه المحدودة,Hanaa,HANAA OATS GRANOLA T.FRTY.400G,2026,16652.60866299999,whitespace_cleaned:Company|duplicate_key_same_year_review
Breakfast & Spreads,Cereals,Granola 1,Fruit & Berry Granola 1,شركة سعيد محمد عبيد بن زقر وشركاه المحدودة,Hanaa,HANAA OATS GRANOLA V.BRRY.400G,2026,21153.913002,whitespace_cleaned:Company|duplicate_key_same_year_review
Breakfast & Spreads,Cereals,Granola 1,Fruit & Berry Granola 1,شركة نستله العربية السعودية,Nestle,NESTLE FITNESS GRANOLA HONEY 350G,2026,19218.599675999994,whitespace_cleaned:Company|duplicate_key_same_year_review
Breakfast & Spreads,Cereals,Granola 1,Fruit & Berry Granola 1,شركة نستله العربية السعودية,Nestle,NESTLE FITNESS GRANOLA HONEY 600G,2026,20265.060802000015,whitespace_cleaned:Company|duplicate_key_same_year_review
Breakfast & Spreads,Cereals,Oats Cereals,Fitness Cereal,شركة نستله العربية السعودية,Nestle,NESTLE FITNESS GRANOLA CRANBERRIES&PUMPKIN SEEDS 350G,2026,40122.54714299999,whitespace_cleaned:Company|whitespace_cleaned:SKU Description|duplicate_key_same_year_review
Breakfast & Spreads,Cereals,Oats Cereals,Fitness Cereal,شركة نستله العربية السعودية,Nestle,NESTLE FIT.CRANBERY&SEEDS 450G,2026,1293.4956479999998,whitespace_cleaned:Company|duplicate_key_same_year_review
Breakfast & Spreads,Cereals,Oats Cereals,Fitness Cereal,شركة نستله العربية السعودية,Nestle,NESTLE FITNESS GRANOLA CHOCOLATE 350G,2026,65611.45977399999,whitespace_cleaned:Company|duplicate_key_same_year_review
Breakfast & Spreads,Cereals,Oats Cereals,Fitness Cereal,شركة نستله العربية السعودية,Nestle,NESTLE FITNESS GRANOLA CHOCOLATE 600G,2026,49723.73026900002,whitespace_cleaned:Company|duplicate_key_same_year_review
Breakfast & Spreads,Cereals,Oats Cereals,Fitness Oats Cereals,شركة نستله العربية السعودية,Nestle,NESTLE FITNESS OATS&HONEY 450G,2026,1428.2347780000005,whitespace_cleaned:Company|duplicate_key_same_year_review
Breakfast & Spreads,Cereals,Oats Cereals 1,Fitness Cereal 1,شركة نستله العربية السعودية,Nestle,NESTLE FITNESS GRANOLA CRANBERRIES&PUMPKIN SEEDS 350G,2026,14513.686711999988,whitespace_cleaned:Company|whitespace_cleaned:SKU Description|duplicate_key_same_year_review
Breakfast & Spreads,Cereals,Oats Cereals 1,Fitness Cereal 1,شركة نستله العربية السعودية,Nestle,NESTLE FIT.CRANBERY&SEEDS 450G,2026,53.895652,whitespace_cleaned:Company|duplicate_key_same_year_review
Breakfast & Spreads,Cereals,Oats Cereals 1,Fitness Cereal 1,شركة نستله العربية السعودية,Nestle,NESTLE FITNESS GRANOLA CHOCOLATE 350G,2026,24229.460458999976,whitespace_cleaned:Company|duplicate_key_same_year_review
Breakfast & Spreads,Cereals,Oats Cereals 1,Fitness Cereal 1,شركة نستله العربية السعودية,Nestle,NESTLE FITNESS GRANOLA CHOCOLATE 600G,2026,17370.052116000017,whitespace_cleaned:Company|duplicate_key_same_year_review
Breakfast & Spreads,Cereals,Oats Cereals 1,Fitness Oats Cereals 1,شركة نستله العربية السعودية,Nestle,NESTLE FITNESS OATS&HONEY 450G,2026,646.747824,whitespace_cleaned:Company|duplicate_key_same_year_review
Breakfast & Spreads,Cereals,Plain Cereals,Corn Flakes,شركة السهم لتوزيع الاغذية,Kelloggs,KELLOGGS CORN FLAKES 1KG,2026,4080581.334799993,whitespace_cleaned:Company|duplicate_key_same_year_review
Breakfast & Spreads,Cereals,Plain Cereals,Corn Flakes,شركة السهم لتوزيع الاغذية,Kelloggs,KELLOGGS CORNFLAKES 375G,2026,411595.2620210007,whitespace_cleaned:Company|duplicate_key_same_year_review
Breakfast & Spreads,Cereals,Plain Cereals,Corn Flakes,شركة السهم لتوزيع الاغذية,Kelloggs,KELLOGGS CORNFLAKES 450G,2026,261099.304347,whitespace_cleaned:Company|duplicate_key_same_year_review
Breakfast & Spreads,Cereals,Plain Cereals,Corn Flakes,شركة السهم لتوزيع الاغذية,Kelloggs,KELLOGGS CORNFLAKES 500G,2026,804662.9655329997,whitespace_cleaned:Company|duplicate_key_same_year_review
Breakfast & Spreads,Cereals,Plain Cereals,Corn Flakes,شركة السهم لتوزيع الاغذية,Kelloggs,KELLOGGS CORNFLAKES 720G,2026,349647.8388910004,whitespace_cleaned:Company|duplicate_key_same_year_review
Breakfast & Spreads,Cereals,Plain Cereals,Corn Flakes,شركة السهم لتوزيع الاغذية,Kelloggs,KELLOGGS CORNFLAKES 750G,2026,2794637.551391992,whitespace_cleaned:Company|duplicate_key_same_year_review
Breakfast & Spreads,Cereals,Plain Cereals,Frosted Corn Flakes,شركة السهم لتوزيع الاغذية,Kelloggs,KELLOGGS FROSTIES 470G,2026,257542.3628909994,whitespace_cleaned:Company|duplicate_key_same_year_review
Breakfast & Spreads,Cereals,Plain Cereals,Corn Flakes,شركة باطوق التجارية,Poppins,POPPINS CORN FLICK FLAKES 1K,2026,57344.73769900003,whitespace_cleaned:Company|duplicate_key_same_year_review
Breakfast & Spreads,Cereals,Plain Cereals,Corn Flakes,شركة باطوق التجارية,Poppins,POPPINS FLAKES 750G,2026,43295.36485900005,whitespace_cleaned:Company|duplicate_key_same_year_review
Breakfast & Spreads,Cereals,Plain Cereals,Corn Flakes,شركة باطوق التجارية,Poppins,POPPINS FLICK FLAKES 375G,2026,14229.791066999993,whitespace_cleaned:Company|duplicate_key_same_year_review
Breakfast & Spreads,Cereals,Plain Cereals,Corn Flakes,شركة دار الممون التجارية,Vitabella,VITABELLA CORN FLAKES 300G,2026,64126.62666499988,whitespace_cleaned:Company|duplicate_key_same_year_review
Breakfast & Spreads,Cereals,Plain Cereals,Corn Flakes,شركة دار الممون التجارية,Vitabella,VITABELLA M.TIGRIN FLAKES 340G,2026,68137.19874699997,whitespace_cleaned:Company|duplicate_key_same_year_review
Breakfast & Spreads,Cereals,Plain Cereals,Frosted Corn Flakes,شركة نابكو للتجارة والتوزيع,Delices,DELICES C.FROST CORN FLAK.375G,2026,48915.73157800003,whitespace_cleaned:Company|duplicate_key_same_year_review
Breakfast & Spreads,Cereals,Plain Cereals,Corn Flakes,شركة نابكو للتجارة والتوزيع,Delices,DELICES CORN FLAKES ORGNL.750G,2026,91214.53050000014,whitespace_cleaned:Company|duplicate_key_same_year_review
Breakfast & Spreads,Cereals,Plain Cereals,Corn Flakes,شركة نابكو للتجارة والتوزيع,Delices,DELICES CORN FLAKES ORIG. 375G,2026,105968.67021199976,whitespace_cleaned:Company|duplicate_key_same_year_review
Breakfast & Spreads,Cereals,Plain Cereals,Corn Flakes,شركة نابكو للتجارة والتوزيع,Delices,DELICES CORN FLAKES ORIGNL 1KG,2026,101112.964203,whitespace_cleaned:Company|duplicate_key_same_year_review
Breakfast & Spreads,Cereals,Plain Cereals,Corn Flakes,شركة نستله العربية السعودية,Country,COUNTRY CORNFLAKES 1000G,2026,3003831.776394001,whitespace_cleaned:Company|duplicate_key_same_year_review
Breakfast & Spreads,Cereals,Plain Cereals,Corn Flakes,شركة نستله العربية السعودية,Country,COUNTRY CORNFLAKES 20G,2026,26158.710493999995,whitespace_cleaned:Company|duplicate_key_same_year_review
Breakfast & Spreads,Cereals,Plain Cereals,Corn Flakes,شركة نستله العربية السعودية,Country,COUNTRY CORNFLAKES 375G,2026,580919.3832460019,whitespace_cleaned:Company|duplicate_key_same_year_review
Breakfast & Spreads,Cereals,Plain Cereals,Corn Flakes,شركة نستله العربية السعودية,Country,COUNTRY CORNFLAKES 500G,2025,78524.61000000009,whitespace_cleaned:Company|duplicate_key_same_year_review
Breakfast & Spreads,Cereals,Plain Cereals,Corn Flakes,شركة نستله العربية السعودية,Country,COUNTRY CORNFLAKES 500G,2025,1294800.4860000024,whitespace_cleaned:Company|sku_trailing_period_removed|duplicate_key_same_year_review
Breakfast & Spreads,Cereals,Plain Cereals,Corn Flakes,شركة نستله العربية السعودية,Country,COUNTRY CORNFLAKES 500G,2026,1123958.9177150007,whitespace_cleaned:Company|sku_trailing_period_removed|duplicate_key_same_year_review
Breakfast & Spreads,Cereals,Plain Cereals,Corn Flakes,شركة نستله العربية السعودية,Country,COUNTRY CORNFLAKES 700G,2026,1995011.2761940064,whitespace_cleaned:Company|duplicate_key_same_year_review
Breakfast & Spreads,Cereals,Plain Cereals,Corn Flakes,شركة نستله العربية السعودية,Nestle,NESTLE FITNESS CEREAL LF 375G,2026,316417.2771770011,whitespace_cleaned:Company|duplicate_key_same_year_review
Breakfast & Spreads,Cereals,Plain Cereals,Corn Flakes,شركة وفرة للصناعة والتنمية,Caprini,CAPRINI CORNFLAKES 250G,2026,132669.64446500005,whitespace_cleaned:Company|duplicate_key_same_year_review
Breakfast & Spreads,Cereals,Plain Cereals,Corn Flakes,مؤسسة قطاف الغذاء التجارية,Qetaf,QETAF.CORN FLAKES 375G,2026,966.5217,whitespace_cleaned:Company|duplicate_key_same_year_review
Breakfast & Spreads,Cereals,Plain Cereals 1,Corn Flakes 1,شركة السهم لتوزيع الاغذية,Kelloggs,KELLOGGS CORN FLAKES 1KG,2026,1091417.200045,whitespace_cleaned:Company|duplicate_key_same_year_review
Breakfast & Spreads,Cereals,Plain Cereals 1,Corn Flakes 1,شركة السهم لتوزيع الاغذية,Kelloggs,KELLOGGS CORNFLAKES 375G,2026,49075.64230099991,whitespace_cleaned:Company|duplicate_key_same_year_review
Breakfast & Spreads,Cereals,Plain Cereals 1,Corn Flakes 1,شركة السهم لتوزيع الاغذية,Kelloggs,KELLOGGS CORNFLAKES 450G,2026,45600.0,whitespace_cleaned:Company|duplicate_key_same_year_review
Breakfast & Spreads,Cereals,Plain Cereals 1,Corn Flakes 1,شركة السهم لتوزيع الاغذية,Kelloggs,KELLOGGS CORNFLAKES 500G,2026,153839.17508599962,whitespace_cleaned:Company|duplicate_key_same_year_review
Breakfast & Spreads,Cereals,Plain Cereals 1,Corn Flakes 1,شركة السهم لتوزيع الاغذية,Kelloggs,KELLOGGS CORNFLAKES 720G,2026,50620.8856500001,whitespace_cleaned:Company|duplicate_key_same_year_review
Breakfast & Spreads,Cereals,Plain Cereals 1,Corn Flakes 1,شركة السهم لتوزيع الاغذية,Kelloggs,KELLOGGS CORNFLAKES 750G,2026,575600.5806589997,whitespace_cleaned:Company|duplicate_key_same_year_review
Breakfast & Spreads,Cereals,Plain Cereals 1,Frosted Corn Flakes 1,شركة السهم لتوزيع الاغذية,Kelloggs,KELLOGGS FROSTIES 470G,2026,46856.65212200005,whitespace_cleaned:Company|duplicate_key_same_year_review
Breakfast & Spreads,Cereals,Plain Cereals 1,Corn Flakes 1,شركة باطوق التجارية,Poppins,POPPINS CORN FLICK FLAKES 1K,2026,8717.956451999999,whitespace_cleaned:Company|duplicate_key_same_year_review
Breakfast & Spreads,Cereals,Plain Cereals 1,Corn Flakes 1,شركة باطوق التجارية,Poppins,POPPINS FLAKES 750G,2026,10143.808820000006,whitespace_cleaned:Company|duplicate_key_same_year_review
Breakfast & Spreads,Cereals,Plain Cereals 1,Corn Flakes 1,شركة باطوق التجارية,Poppins,POPPINS FLICK FLAKES 375G,2026,2898.260852000002,whitespace_cleaned:Company|duplicate_key_same_year_review
Breakfast & Spreads,Cereals,Plain Cereals 1,Corn Flakes 1,شركة دار الممون التجارية,Vitabella,VITABELLA CORN FLAKES 300G,2026,13630.338543000033,whitespace_cleaned:Company|duplicate_key_same_year_review
Breakfast & Spreads,Cereals,Plain Cereals 1,Corn Flakes 1,شركة دار الممون التجارية,Vitabella,VITABELLA M.TIGRIN FLAKES 340G,2026,15309.460553999994,whitespace_cleaned:Company|duplicate_key_same_year_review
Breakfast & Spreads,Cereals,Plain Cereals 1,Frosted Corn Flakes 1,شركة نابكو للتجارة والتوزيع,Delices,DELICES C.FROST CORN FLAK.375G,2026,10352.982736000004,whitespace_cleaned:Company|duplicate_key_same_year_review
Breakfast & Spreads,Cereals,Plain Cereals 1,Corn Flakes 1,شركة نابكو للتجارة والتوزيع,Delices,DELICES CORN FLAKES ORGNL.750G,2026,21878.999314999997,whitespace_cleaned:Company|duplicate_key_same_year_review
Breakfast & Spreads,Cereals,Plain Cereals 1,Corn Flakes 1,شركة نابكو للتجارة والتوزيع,Delices,DELICES CORN FLAKES ORIG. 375G,2026,23028.15585700002,whitespace_cleaned:Company|duplicate_key_same_year_review
Breakfast & Spreads,Cereals,Plain Cereals 1,Corn Flakes 1,شركة نابكو للتجارة والتوزيع,Delices,DELICES CORN FLAKES ORIGNL 1KG,2026,34461.04294400006,whitespace_cleaned:Company|duplicate_key_same_year_review
Breakfast & Spreads,Cereals,Plain Cereals 1,Corn Flakes 1,شركة نستله العربية السعودية,Country,COUNTRY CORNFLAKES 1000G,2026,839923.5481219993,whitespace_cleaned:Company|duplicate_key_same_year_review
Breakfast & Spreads,Cereals,Plain Cereals 1,Corn Flakes 1,شركة نستله العربية السعودية,Country,COUNTRY CORNFLAKES 20G,2026,2958.912726,whitespace_cleaned:Company|duplicate_key_same_year_review
Breakfast & Spreads,Cereals,Plain Cereals 1,Corn Flakes 1,شركة نستله العربية السعودية,Country,COUNTRY CORNFLAKES 375G,2026,85132.33498299983,whitespace_cleaned:Company|duplicate_key_same_year_review
Breakfast & Spreads,Cereals,Plain Cereals 1,Corn Flakes 1,شركة نستله العربية السعودية,Country,COUNTRY CORNFLAKES 500G,2026,93405.33826599982,whitespace_cleaned:Company|sku_trailing_period_removed|duplicate_key_same_year_review
Breakfast & Spreads,Cereals,Plain Cereals 1,Corn Flakes 1,شركة نستله العربية السعودية,Country,COUNTRY CORNFLAKES 700G,2026,835841.4681730003,whitespace_cleaned:Company|duplicate_key_same_year_review
Breakfast & Spreads,Cereals,Plain Cereals 1,Corn Flakes 1,شركة نستله العربية السعودية,Nestle,NESTLE FITNESS CEREAL LF 375G,2026,44762.33888199985,whitespace_cleaned:Company|duplicate_key_same_year_review
Breakfast & Spreads,Cereals,Plain Cereals 1,Corn Flakes 1,شركة وفرة للصناعة والتنمية,Caprini,CAPRINI CORNFLAKES 250G,2026,26352.61887899995,whitespace_cleaned:Company|duplicate_key_same_year_review
Breakfast & Spreads,Cereals,Plain Cereals 1,Corn Flakes 1,مؤسسة قطاف الغذاء التجارية,Qetaf,QETAF.CORN FLAKES 375G,2026,84.78260499999999,whitespace_cleaned:Company|duplicate_key_same_year_review
Canned & Jarred Foods,Canned Vegetables,Canned Tomatoes,Mashed Tomato,Al Barakeh Food Industries Llc,222 Albarakeh,222 ALBARAKEH TOMATO PURE 135G,2026,106001.37101400008,whitespace_cleaned:Company|duplicate_key_same_year_review
Canned & Jarred Foods,Canned Vegetables,Canned Tomatoes,Mashed Tomato,شركة باسمح للتوزيع التجاري,Libbys,LIBBY'S TOMATOES CHOPPED 400G,2026,9198.043892000003,whitespace_cleaned:Company|duplicate_key_same_year_review
Canned & Jarred Foods,Canned Vegetables,Canned Tomatoes,Peeled Tomato,شركة باسمح للتوزيع التجاري,Libbys,LIBBY'S TOMATOES CHOPPED 400G,2026,1968.0435140000004,whitespace_cleaned:Company|duplicate_key_same_year_review
Condiments & Sauces,Cooking Sauces & Pastes,Cooking Mixes,Chicken Mixes,شركة نستله العربية السعودية,Maggi,MAGGI BUTTER CHICKEN MIX 340G,2025,4585.459999999999,whitespace_cleaned:Company|duplicate_key_same_year_review
Condiments & Sauces,Cooking Sauces & Pastes,Cooking Mixes,Chicken Mixes,شركة نستله العربية السعودية,Maggi,MAGGI BUTTER CHICKEN MIX 340G,2025,30091.620000000046,whitespace_cleaned:Company|sku_trailing_period_removed|duplicate_key_same_year_review
Condiments & Sauces,Cooking Sauces & Pastes,Cooking Pastes,Tomato Paste,Al Barakeh Food Industries Llc,222 Albarakeh,222 ALBARAKEH TOMATO PURE 135G,2026,22493.20760899996,whitespace_cleaned:Company|duplicate_key_same_year_review
Condiments & Sauces,Cooking Sauces & Pastes,Cooking Pastes,Tomato Paste,ALDurra For General Trading Co. Ltd,Durra,DURRA TOMATO PASTE 800G,2025,2731.129999999999,whitespace_cleaned:Company|duplicate_key_same_year_review
Condiments & Sauces,Cooking Sauces & Pastes,Cooking Pastes,Tomato Paste,ALDurra For General Trading Co. Ltd,Durra,DURRA TOMATO PASTE 800G,2025,29169.560000000063,whitespace_cleaned:Company|sku_trailing_period_removed|duplicate_key_same_year_review
Condiments & Sauces,Cooking Sauces & Pastes,Cooking Pastes,Tomato Paste,الشركة الوطنية الزراعية,Watania,WATANIA TOMATO PASTE 135G,2025,14369.09799999999,whitespace_cleaned:Company|duplicate_key_same_year_review
Condiments & Sauces,Cooking Sauces & Pastes,Cooking Pastes,Tomato Paste,الشركة الوطنية الزراعية,Watania,WATANIA TOMATO PASTE 135G,2025,72359.54600000007,whitespace_cleaned:Company|sku_trailing_period_removed|duplicate_key_same_year_review
Condiments & Sauces,Cooking Sauces & Pastes,Cooking Pastes,Tomato Paste,شركة باسمح للتسويق المحدودة,Alalali,ALALALI TOMATO PASTE 130G,2025,34344.15600000006,whitespace_cleaned:Company|duplicate_key_same_year_review
Condiments & Sauces,Cooking Sauces & Pastes,Cooking Pastes,Tomato Paste,شركة باسمح للتسويق المحدودة,Alalali,ALALALI TOMATO PASTE 130G,2025,305683.7969999999,whitespace_cleaned:Company|sku_trailing_period_removed|duplicate_key_same_year_review
Condiments & Sauces,Cooking Sauces & Pastes,Cooking Pastes,Pepper Paste,شركة صرة للصناعة,Sorrah,SORRAH PEPPER PASTE 350G,2025,36450.68000000003,whitespace_cleaned:Company|duplicate_key_same_year_review
Condiments & Sauces,Cooking Sauces & Pastes,Cooking Pastes,Pepper Paste,شركة صرة للصناعة,Sorrah,SORRAH PEPPER PASTE 350G,2025,234847.32999999973,whitespace_cleaned:Company|sku_trailing_period_removed|duplicate_key_same_year_review
Condiments & Sauces,Cooking Sauces & Pastes,Cooking Pastes,Tomato Paste,شركة مصدر الحياة للصناعات الغذائية,Haley,HALEY TOMATO PASTE 135G,2025,1326972.7299999995,whitespace_cleaned:Company|duplicate_key_same_year_review
Condiments & Sauces,Cooking Sauces & Pastes,Cooking Pastes,Tomato Paste,شركة مصدر الحياة للصناعات الغذائية,Haley,HALEY TOMATO PASTE 135G,2025,7997074.904000004,whitespace_cleaned:Company|sku_trailing_period_removed|duplicate_key_same_year_review
Condiments & Sauces,Cooking Sauces & Pastes,Cooking Pastes,Ginger Garlic Paste,مؤسسات سقالة التجارية,Shan,SHAN GINGER GARLIC PASTE 310G,2026,28524.720117,whitespace_cleaned:Company|duplicate_key_same_year_review
Condiments & Sauces,Cooking Sauces & Pastes,Cooking Pastes,Ginger Paste,مؤسسات سقالة التجارية,Shan,SHAN GINGER GARLIC PASTE 310G,2026,363.1477980000001,whitespace_cleaned:Company|duplicate_key_same_year_review
Condiments & Sauces,Cooking Sauces & Pastes,Cooking Sauces,Pasta Sauce,L B 16 B.V,Barilla,BARILLA BASILICO 400G,2025,272.32,whitespace_cleaned:Company|duplicate_key_same_year_review
Condiments & Sauces,Cooking Sauces & Pastes,Cooking Sauces,Pasta Sauce,L B 16 B.V,Barilla,BARILLA BASILICO 400G,2025,6396.209999999995,whitespace_cleaned:Company|sku_trailing_period_removed|duplicate_key_same_year_review
Condiments & Sauces,Cooking Sauces & Pastes,Cooking Sauces,Pizza Sauce,شركة نستله العربية السعودية,Maggi,MAGGI PIZZA SAUCE 400G,2025,12057.22000000002,whitespace_cleaned:Company|duplicate_key_same_year_review
Condiments & Sauces,Cooking Sauces & Pastes,Cooking Sauces,Pizza Sauce,شركة نستله العربية السعودية,Maggi,MAGGI PIZZA SAUCE 400G,2025,51977.04999999997,whitespace_cleaned:Company|sku_trailing_period_removed|duplicate_key_same_year_review
Condiments & Sauces,Sauces,Hot & Spicy Sauces,Hot Sauce,شركة تموين الشرق للتجارة شركة مساهمة مقفلة,Makati,MAKATI SWEET CHILI SAUCE 280ML,2026,98328.01506500009,whitespace_cleaned:Company|duplicate_key_same_year_review
Condiments & Sauces,Sauces,Hot & Spicy Sauces,Hot Sauce,شركة مجموعة بافرط للصناعة لانتاج المواد الغذائية,Rana,RANA RED HOT SALSA 250G,2025,13855.080000000002,whitespace_cleaned:Company|duplicate_key_same_year_review
Condiments & Sauces,Sauces,Hot & Spicy Sauces,Hot Sauce,شركة مجموعة بافرط للصناعة لانتاج المواد الغذائية,Rana,RANA RED HOT SALSA 250G,2025,95303.02999999998,whitespace_cleaned:Company|sku_trailing_period_removed|duplicate_key_same_year_review
Condiments & Sauces,Sauces,Regional Sauces,Soy Sauce,شركة تموين الشرق للتجارة شركة مساهمة مقفلة,Makati,MAKATI SWEET CHILI SAUCE 280ML,2026,35914.31219300005,whitespace_cleaned:Company|duplicate_key_same_year_review
Condiments & Sauces,Condiments,Tomato Ketchup,Regular Tomato Ketchup,شركة باسمح للتسويق المحدودة,Alalali,ALALALI T.KETCHUP 3x340G,2025,19910.42099999999,whitespace_cleaned:Company|duplicate_key_same_year_review
Condiments & Sauces,Condiments,Tomato Ketchup,Regular Tomato Ketchup,شركة باسمح للتسويق المحدودة,Alalali,ALALALI T.KETCHUP 3x340G,2025,251681.5980000003,whitespace_cleaned:Company|sku_trailing_period_removed|duplicate_key_same_year_review
Confectionery,Chocolates,Assorted Chocolates,Gift Pack,شركة فيرجلف السعودية للتجارة,Ferrero,FERRERO ROCHER T24 300G,2025,1487159.274999992,whitespace_cleaned:Company|duplicate_key_same_year_review
Confectionery,Chocolates,Assorted Chocolates,Gift Pack,شركة مارس السعودية العربية للتجارة المحدودة - شركة شخص واحد,Galaxy,GALAXY JEWELS 400G,2025,42945.16100000001,whitespace_cleaned:Company|duplicate_key_same_year_review
Confectionery,Chocolates,Assorted Chocolates,Gift Pack,شركة مارس السعودية العربية للتجارة المحدودة - شركة شخص واحد,Galaxy,GALAXY JEWELS 400G,2025,26497.420000000013,whitespace_cleaned:Company|sku_trailing_period_removed|duplicate_key_same_year_review
Confectionery,Chocolates,Assorted Chocolates,Gift Pack,شركة مارس السعودية العربية للتجارة المحدودة - شركة شخص واحد,Galaxy,GALAXY JEWELS 650G,2025,700035.762000002,whitespace_cleaned:Company|duplicate_key_same_year_review
Confectionery,Chocolates,Assorted Chocolates,Gift Pack,شركة مارس السعودية العربية للتجارة المحدودة - شركة شخص واحد,Galaxy,GALAXY JEWELS 650G,2025,151319.7550000001,whitespace_cleaned:Company|sku_trailing_period_removed|duplicate_key_same_year_review
Confectionery,Chocolates,Chocolate Bars,Milk Chocolate Bars,مؤسسات سقالة التجارية,Ozmo,OZMO FUN CHOCOLATE MILK 23G,2026,1642.312910999999,company_filled_from_brand|duplicate_key_same_year_review
Confectionery,Chocolates,Chocolate Bars,Caramel Chocolate Bars,شركة بلاديس العربية للصناعات الغذائية,Godiva,GODIVA BAR 35G,2025,51186.78799999999,whitespace_cleaned:Company|sku_trailing_period_removed|duplicate_key_same_year_review
Confectionery,Chocolates,Chocolate Bars,Milk Chocolate Bars,شركة بلاديس العربية للصناعات الغذائية,Godiva,GODIVA BAR 35G,2025,213526.3369999984,whitespace_cleaned:Company|sku_trailing_period_removed|duplicate_key_same_year_review
Confectionery,Chocolates,Chocolate Bars,Caramel Chocolate Bars,شركة بلاديس العربية للصناعات الغذائية,Godiva,GODIVA CHOCO 32G,2025,18796.35600000001,whitespace_cleaned:Company|sku_trailing_period_removed|duplicate_key_same_year_review
Confectionery,Chocolates,Chocolate Bars,Dark Chocolate Bars,شركة بلاديس العربية للصناعات الغذائية,Godiva,GODIVA CHOCO 32G,2025,35682.54399999983,whitespace_cleaned:Company|sku_trailing_period_removed|duplicate_key_same_year_review
Confectionery,Chocolates,Chocolate Bars,Dark Chocolate Bars,شركة فيرجلف السعودية للتجارة,Ferrero,,2026,795.1217139999997,whitespace_cleaned:Company|missing_sku_description|duplicate_key_same_year_review
Confectionery,Chocolates,Chocolate Bars,Fruit & Nut Chocolate Bars,شركة فيرجلف السعودية للتجارة,Ferrero,,2026,299.7999880000001,whitespace_cleaned:Company|missing_sku_description|duplicate_key_same_year_review
Confectionery,Chocolates,Chocolate Bars,Caramel Chocolate Bars,شركة مارس السعودية العربية للتجارة المحدودة - شركة شخص واحد,Bounty,,2026,36081.50397599991,whitespace_cleaned:Company|missing_sku_description
Confectionery,Chocolates,Chocolate Bars,Milk Chocolate Bars,شركة مارس السعودية العربية للتجارة المحدودة - شركة شخص واحد,Galaxy,GALAXY CHOCOLATE 36G,2025,44137.59000000016,whitespace_cleaned:Company|sku_trailing_period_removed|duplicate_key_same_year_review
Confectionery,Chocolates,Chocolate Bars,Nut Chocolate Bars,شركة مارس السعودية العربية للتجارة المحدودة - شركة شخص واحد,Galaxy,GALAXY CHOCOLATE 36G,2025,132664.97099999918,whitespace_cleaned:Company|sku_trailing_period_removed|duplicate_key_same_year_review
Confectionery,Chocolates,Chocolate Bars,Milk Chocolate Bars,شركة مارس السعودية العربية للتجارة المحدودة - شركة شخص واحد,Galaxy,GALAXY RIPPLE 30G,2025,949708.2379999978,whitespace_cleaned:Company|duplicate_key_same_year_review
Confectionery,Chocolates,Chocolate Bars,Milk Chocolate Bars,شركة مارس السعودية العربية للتجارة المحدودة - شركة شخص واحد,Galaxy,GALAXY RIPPLE 30G,2025,73389.18999999992,whitespace_cleaned:Company|sku_trailing_period_removed|duplicate_key_same_year_review
Confectionery,Chocolates,Chocolate Bars,Fruit & Nut Chocolate Bars,شركة مارس السعودية العربية للتجارة المحدودة - شركة شخص واحد,Galaxy,GALAXY STRAWBERRY 36G,2025,371627.53699999815,whitespace_cleaned:Company|duplicate_key_same_year_review
Confectionery,Chocolates,Chocolate Bars,Fruit & Nut Chocolate Bars,شركة مارس السعودية العربية للتجارة المحدودة - شركة شخص واحد,Galaxy,GALAXY STRAWBERRY 36G,2025,33258.308999999994,whitespace_cleaned:Company|sku_trailing_period_removed|duplicate_key_same_year_review
Confectionery,Chocolates,Chocolate Bars,Milk Chocolate Bars,شركة مارس السعودية العربية للتجارة المحدودة - شركة شخص واحد,Snickers,SNICKERS CHOCOLATE 30G,2025,406824.20999999926,whitespace_cleaned:Company|duplicate_key_same_year_review
Confectionery,Chocolates,Chocolate Bars,Milk Chocolate Bars,شركة مارس السعودية العربية للتجارة المحدودة - شركة شخص واحد,Snickers,SNICKERS CHOCOLATE 30G,2025,69069.9399999999,whitespace_cleaned:Company|sku_trailing_period_removed|duplicate_key_same_year_review
Confectionery,Chocolates,Chocolate Bars,Dark Chocolate Bars,شركة مارس السعودية العربية للتجارة المحدودة - شركة شخص واحد,Snickers,SNICKERS CHOCOLATE 42G,2025,15186.509999999997,whitespace_cleaned:Company|sku_trailing_period_removed|duplicate_key_same_year_review
Confectionery,Chocolates,Chocolate Bars,Milk Chocolate Bars,شركة مارس السعودية العربية للتجارة المحدودة - شركة شخص واحد,Snickers,SNICKERS CHOCOLATE 42G,2025,36198.25999999996,whitespace_cleaned:Company|sku_trailing_period_removed|duplicate_key_same_year_review
Confectionery,Chocolates,Chocolate Bars,Milk Chocolate Bars,شركة مارس السعودية العربية للتجارة المحدودة - شركة شخص واحد,Snickers,SNICKERS CHOCOLATE 45G,2025,2044487.716,whitespace_cleaned:Company|duplicate_key_same_year_review
Confectionery,Chocolates,Chocolate Bars,Milk Chocolate Bars,شركة مارس السعودية العربية للتجارة المحدودة - شركة شخص واحد,Snickers,SNICKERS CHOCOLATE 45G,2025,285304.63399999944,whitespace_cleaned:Company|sku_trailing_period_removed|duplicate_key_same_year_review
Confectionery,Chocolates,Chocolate Bars,Milk Chocolate Mini Bars,شركة مارس السعودية العربية للتجارة المحدودة - شركة شخص واحد,Snickers,SNICKERS MINIATURES 150G,2025,1227513.544000002,whitespace_cleaned:Company|duplicate_key_same_year_review
Confectionery,Chocolates,Chocolate Bars,Milk Chocolate Mini Bars,شركة مارس السعودية العربية للتجارة المحدودة - شركة شخص واحد,Snickers,SNICKERS MINIATURES 150G,2025,224035.53199999983,whitespace_cleaned:Company|sku_trailing_period_removed|duplicate_key_same_year_review
Confectionery,Chocolates,Chocolate Bars,Fruit & Nut Chocolate Bars,شركة مها أحمد الجفالي لتسويق المواد الغذائية,Gandour,GANDOUR HAWAII 30G,2025,20348.46900000005,whitespace_cleaned:Company|duplicate_key_same_year_review
Confectionery,Chocolates,Chocolate Bars,Fruit & Nut Chocolate Bars,شركة مها أحمد الجفالي لتسويق المواد الغذائية,Gandour,GANDOUR HAWAII 30G,2025,14746.811000000014,whitespace_cleaned:Company|sku_trailing_period_removed|duplicate_key_same_year_review
Confectionery,Chocolates,Chocolate Bars,Wafer Chocolate Bars,شركة مها أحمد الجفالي لتسويق المواد الغذائية,Unbranded,GANDOUR SAFARI CARAMEL WFR 28G,2026,1555.973337000002,whitespace_cleaned:Company|duplicate_key_same_year_review
Confectionery,Chocolates,Chocolate Bars,Milk Chocolate Bars,شركة مونديليز العربية للتجارة,Cadbury,CADBURY FLAKES 28G,2025,351353.78300000075,whitespace_cleaned:Company|duplicate_key_same_year_review
Confectionery,Chocolates,Chocolate Bars,Milk Chocolate Bars,شركة مونديليز العربية للتجارة,Cadbury,CADBURY FLAKES 28G,2025,78685.37799999944,whitespace_cleaned:Company|sku_trailing_period_removed|duplicate_key_same_year_review
Confectionery,Chocolates,Chocolate Bars,Milk Chocolate Mini Bars,شركة مونديليز العربية للتجارة,Toblerone,TOBLERONE MINI 168G,2025,358912.79300000094,whitespace_cleaned:Company|duplicate_key_same_year_review
Confectionery,Chocolates,Chocolate Bars,Milk Chocolate Mini Bars,شركة مونديليز العربية للتجارة,Toblerone,TOBLERONE MINI 168G,2025,57101.47100000004,whitespace_cleaned:Company|sku_trailing_period_removed|duplicate_key_same_year_review
Confectionery,Chocolates,Chocolate Bars,Milk Chocolate Bars,مؤسسات سقالة التجارية,Ozmo,OZMO FUN CHOCOLATE MILK 23G,2026,37826.673757999946,whitespace_cleaned:Company|duplicate_key_same_year_review
Confectionery,Chocolates,Chocolate Coated Wafers,Mini Wafer Bites,شركة فيرجلف السعودية للتجارة,Ferrero,FERRERO ROCHER T24 300G,2025,8071.800000000007,whitespace_cleaned:Company|duplicate_key_same_year_review
Confectionery,Chocolates,Chocolate Coated Wafers,Milk Chocolate Coated Wafers,شركة مارس السعودية العربية للتجارة المحدودة - شركة شخص واحد,Twix,TWIX BISCUIT 25G,2025,213540.02,whitespace_cleaned:Company|duplicate_key_same_year_review
Confectionery,Chocolates,Chocolate Coated Wafers,Milk Chocolate Coated Wafers,شركة مارس السعودية العربية للتجارة المحدودة - شركة شخص واحد,Twix,TWIX BISCUIT 25G,2025,40896.87999999988,whitespace_cleaned:Company|sku_trailing_period_removed|duplicate_key_same_year_review
Confectionery,Chocolates,Chocolate Coated Wafers,Caramel Chocolate Wafers,شركة مها أحمد الجفالي لتسويق المواد الغذائية,Unbranded,GANDOUR SAFARI CARAMEL WFR 28G,2026,1232.5560520000015,whitespace_cleaned:Company|duplicate_key_same_year_review
Confectionery,Chocolates,Chocolate Coated Wafers,Caramel Chocolate Wafers,شركة نستله العربية السعودية,Nestle,NESTLE WAFER 28G,2025,4975.490000000002,whitespace_cleaned:Company|sku_trailing_period_removed|company_spelling_standardized|duplicate_key_same_year_review
Confectionery,Chocolates,Chocolate Coated Wafers,Milk Chocolate Coated Wafers,شركة نستله العربية السعودية,Nestle,NESTLE WAFER 28G,2025,6103.629999999991,whitespace_cleaned:Company|sku_trailing_period_removed|company_spelling_standardized|duplicate_key_same_year_review
Confectionery,Chocolates,Chocolate Coated Wafers,Milk Chocolate Coated Wafers,شركة نستله العربية السعودية,Tola,TOLA x 5G,2025,17803.77599999999,whitespace_cleaned:Company|sku_trailing_period_removed|company_spelling_standardized|duplicate_key_same_year_review
Confectionery,Chocolates,Chocolate Coated Wafers,Mini Wafer Bites,شركة نستله العربية السعودية,Tola,TOLA x 5G,2025,8176.952999999999,whitespace_cleaned:Company|sku_trailing_period_removed|company_spelling_standardized|duplicate_key_same_year_review
Confectionery,Chocolates,Minis & Miniatures,Milk Chocolate Minis,شركة فيرجلف السعودية للتجارة,Kinder,KINDER CREAMY 95G,2025,77007.71499999995,whitespace_cleaned:Company|duplicate_key_same_year_review
Confectionery,Chocolates,Minis & Miniatures,Milk Chocolate Minis,شركة فيرجلف السعودية للتجارة,Kinder,KINDER CREAMY 95G,2025,11316.299999999992,whitespace_cleaned:Company|sku_trailing_period_removed|duplicate_key_same_year_review
Confectionery,Chocolates,Minis & Miniatures,White Chocolate Minis,شركة فيرجلف السعودية للتجارة,Raffaello,RAFFAELLO ALMOND&COCONUT 230G,2025,73610.55999999994,whitespace_cleaned:Company|duplicate_key_same_year_review
Confectionery,Chocolates,Minis & Miniatures,White Chocolate Minis,شركة فيرجلف السعودية للتجارة,Raffaello,RAFFAELLO ALMOND&COCONUT 230G,2025,18974.49999999996,whitespace_cleaned:Company|sku_trailing_period_removed|duplicate_key_same_year_review
Confectionery,Chocolates,Minis & Miniatures,White Chocolate Minis,شركة فيرجلف السعودية للتجارة,Raffaello,RAFFAELLO CHOCOLATE 150G,2025,374098.77000000153,whitespace_cleaned:Company|duplicate_key_same_year_review
Confectionery,Chocolates,Minis & Miniatures,White Chocolate Minis,شركة فيرجلف السعودية للتجارة,Raffaello,RAFFAELLO CHOCOLATE 150G,2025,19413.850000000017,whitespace_cleaned:Company|sku_trailing_period_removed|duplicate_key_same_year_review
Confectionery,Chocolates,Minis & Miniatures,White Chocolate Minis,شركة فيرجلف السعودية للتجارة,Raffaello,RAFFAELLO CHOCOLATE 30G,2025,251350.8379999994,whitespace_cleaned:Company|duplicate_key_same_year_review
Confectionery,Chocolates,Minis & Miniatures,White Chocolate Minis,شركة فيرجلف السعودية للتجارة,Raffaello,RAFFAELLO CHOCOLATE 30G,2025,20175.319999999985,whitespace_cleaned:Company|sku_trailing_period_removed|duplicate_key_same_year_review
Confectionery,Chocolates,Minis & Miniatures,White Chocolate Minis,شركة فيرجلف السعودية للتجارة,Raffaello,RAFFAELLO CHOCOLATE 80G,2025,30579.72999999999,whitespace_cleaned:Company|duplicate_key_same_year_review
Confectionery,Chocolates,Minis & Miniatures,White Chocolate Minis,شركة فيرجلف السعودية للتجارة,Raffaello,RAFFAELLO CHOCOLATE 80G,2025,7108.18,whitespace_cleaned:Company|sku_trailing_period_removed|duplicate_key_same_year_review
Confectionery,Chocolates,Minis & Miniatures,Candy Coated Chocolates,شركة مارس السعودية العربية للتجارة المحدودة - شركة شخص واحد,M&Ms,M&MS CHOCOLATE 150G,2025,75153.93499999981,whitespace_cleaned:Company|sku_trailing_period_removed|duplicate_key_same_year_review
Confectionery,Chocolates,Minis & Miniatures,Candy Coated Chocolates,شركة مارس السعودية العربية للتجارة المحدودة - شركة شخص واحد,M&Ms,M&MS CHOCOLATE 150G,2025,93390.10899999992,whitespace_cleaned:Company|sku_trailing_period_removed|duplicate_key_same_year_review
Confectionery,Chocolates,Minis & Miniatures,Candy Coated Chocolates,شركة مارس السعودية العربية للتجارة المحدودة - شركة شخص واحد,M&Ms,M&MS CHOCOLATE 45G,2025,54330.10999999999,whitespace_cleaned:Company|sku_trailing_period_removed|duplicate_key_same_year_review
Confectionery,Chocolates,Minis & Miniatures,Candy Coated Chocolates,شركة مارس السعودية العربية للتجارة المحدودة - شركة شخص واحد,M&Ms,M&MS CHOCOLATE 45G,2025,65427.67000000005,whitespace_cleaned:Company|sku_trailing_period_removed|duplicate_key_same_year_review
Confectionery,Chocolates,Minis & Miniatures,Candy Coated Chocolates,شركة مارس السعودية العربية للتجارة المحدودة - شركة شخص واحد,Maltesers,MALTESERS CHOCOLATE 175G,2025,1405245.3739999952,whitespace_cleaned:Company|duplicate_key_same_year_review
Confectionery,Chocolates,Minis & Miniatures,Candy Coated Chocolates,شركة مارس السعودية العربية للتجارة المحدودة - شركة شخص واحد,Maltesers,MALTESERS CHOCOLATE 175G,2025,180341.0159999999,whitespace_cleaned:Company|sku_trailing_period_removed|duplicate_key_same_year_review
Confectionery,Chocolates,Minis & Miniatures,Candy Coated Chocolates,شركة مارس السعودية العربية للتجارة المحدودة - شركة شخص واحد,Maltesers,MALTESERS CHOCOLATE 37G,2025,985944.94,whitespace_cleaned:Company|duplicate_key_same_year_review
Confectionery,Chocolates,Minis & Miniatures,Candy Coated Chocolates,شركة مارس السعودية العربية للتجارة المحدودة - شركة شخص واحد,Maltesers,MALTESERS CHOCOLATE 37G,2025,148652.4299999994,whitespace_cleaned:Company|sku_trailing_period_removed|duplicate_key_same_year_review
Confectionery,Chocolates,Minis & Miniatures,Candy Coated Chocolates,شركة مارس السعودية العربية للتجارة المحدودة - شركة شخص واحد,Maltesers,MALTESERS CHOCOLATE 68G,2025,284033.67599999945,whitespace_cleaned:Company|duplicate_key_same_year_review
Confectionery,Chocolates,Minis & Miniatures,Candy Coated Chocolates,شركة مارس السعودية العربية للتجارة المحدودة - شركة شخص واحد,Maltesers,MALTESERS CHOCOLATE 68G,2025,32575.249999999985,whitespace_cleaned:Company|sku_trailing_period_removed|duplicate_key_same_year_review
Hot Beverages,Coffee,Coffee Capsules,Flavored Coffee Capsules,شركة سنابل المتحدة للتجارة,Roast,ROAST MAESTRO CLOMBI CAPSLE57G,2026,18972.686542999996,whitespace_cleaned:Company|duplicate_key_same_year_review
Hot Beverages,Coffee,Coffee Capsules,Flavored Coffee Capsules,شركة سنابل المتحدة للتجارة,Roast,ROAST MAESTRO COLD BREW CAP57G,2026,23656.651886,whitespace_cleaned:Company|duplicate_key_same_year_review
Hot Beverages,Coffee,Coffee Capsules,Flavored Coffee Capsules,شركة سنابل المتحدة للتجارة,Roast,ROAST MAESTRO ETHOPI CAPSLE57G,2026,33383.46897699997,whitespace_cleaned:Company|duplicate_key_same_year_review
Hot Beverages,Coffee,Coffee Capsules,Flavored Coffee Capsules,شركة سنابل المتحدة للتجارة,Roast,ROAST MAESTRO LADY.CAPSULE 57G,2026,23271.225859000013,whitespace_cleaned:Company|duplicate_key_same_year_review
Hot Beverages,Coffee,Coffee Capsules,Flavored Coffee Capsules,شركة سنابل المتحدة للتجارة,Roast,ROAST MAESTRO RWANDA CAPSLE57G,2026,27336.808150000004,whitespace_cleaned:Company|duplicate_key_same_year_review
Hot Beverages,Coffee,Coffee Capsules,Flavored Coffee Capsules,شركة سنابل المتحدة للتجارة,Roast,ROAST MAESTRO UGANDA CAPSUL57G,2026,24940.677815999992,whitespace_cleaned:Company|duplicate_key_same_year_review
Hot Beverages,Coffee,Coffee Capsules,Flavored Coffee Capsules,شركة نستله العربية السعودية,Starbucks,STARBUCKS AMERICANO 102G,2025,3480.48,whitespace_cleaned:Company|duplicate_key_same_year_review
Hot Beverages,Coffee,Coffee Capsules,Flavored Coffee Capsules,شركة نستله العربية السعودية,Starbucks,STARBUCKS AMERICANO 102G,2025,26116.029999999988,whitespace_cleaned:Company|sku_trailing_period_removed|duplicate_key_same_year_review
Hot Beverages,Coffee,Coffee Capsules,Flavored Coffee Capsules,شركة نستله العربية السعودية,Starbucks,STARBUCKS CAFFE VERONA 57G,2025,9708.369999999995,whitespace_cleaned:Company|duplicate_key_same_year_review
Hot Beverages,Coffee,Coffee Capsules,Flavored Coffee Capsules,شركة نستله العربية السعودية,Starbucks,STARBUCKS CAFFE VERONA 57G,2025,61506.96000000002,whitespace_cleaned:Company|sku_trailing_period_removed|duplicate_key_same_year_review
Hot Beverages,Coffee,Ground Coffee & Beans,Saudi Coffee,شركة باجة للصناعات الغذائية,Baja,BAJA GOLD COFFEE ARABICA 100G,2026,10457.54768900001,whitespace_cleaned:Company|duplicate_key_same_year_review
Hot Beverages,Coffee,Ground Coffee & Beans,Classic Roast,شركة باسمح للتوزيع التجاري,TIM HORTONS,TIM HORTONS MEDIUM ROAST 200G,2026,20710.686852000006,whitespace_cleaned:Company|duplicate_key_same_year_review
Hot Beverages,Coffee,Ground Coffee & Beans,Saudi Coffee,شركة ذوق للتجارة,Thouq,THOUQ ARABIC COFFEE 500G,2025,30920.153999999937,whitespace_cleaned:Company|duplicate_key_same_year_review
Hot Beverages,Coffee,Ground Coffee & Beans,Saudi Coffee,شركة ذوق للتجارة,Thouq,THOUQ ARABIC COFFEE 500G,2025,234433.51799999995,whitespace_cleaned:Company|sku_trailing_period_removed|duplicate_key_same_year_review
Hot Beverages,Coffee,Ground Coffee & Beans,Classic Roast,شركة فائق الخير لتجارة الاغذية,Abu Auf,ABU AUF COFFE PLAIN ROAST 200G,2026,814.1304200000001,whitespace_cleaned:Company|duplicate_key_same_year_review
Hot Beverages,Coffee,Ground Coffee & Beans,Turkish Coffee,شركة فائق الخير لتجارة الاغذية,Abu Auf,ABU AUF COFFE PLAIN ROAST 200G,2026,3256.5216689999997,whitespace_cleaned:Company|duplicate_key_same_year_review
Hot Beverages,Coffee,Ground Coffee & Beans,Turkish Coffee,شركة فائق الخير لتجارة الاغذية,Abu Auf,ABU AUF COFFEE PLAIN MEDU 200G,2026,2312.8520980000003,whitespace_cleaned:Company|duplicate_key_same_year_review
Hot Beverages,Cocoa & Hot Chocolate,Hot Chocolate Mixes,Chocolate Mixes,شركة نستله العربية السعودية,Nesquik,NESQUIK CHOCO POWDER 500G,2025,52405.21599999997,whitespace_cleaned:Company|duplicate_key_same_year_review
Hot Beverages,Cocoa & Hot Chocolate,Hot Chocolate Mixes,Chocolate Mixes,شركة نستله العربية السعودية,Nesquik,NESQUIK CHOCO POWDER 500G,2025,704624.4910000009,whitespace_cleaned:Company|sku_trailing_period_removed|duplicate_key_same_year_review
Hot Beverages,Coffee,Instant Coffee & Sachets,Blend Instant Coffee,شركة باجة للصناعات الغذائية,Baja,BAJA CLASSIC COFFEE MILD 100G,2026,28200.739128999983,whitespace_cleaned:Company|duplicate_key_same_year_review
Hot Beverages,Coffee,Instant Coffee & Sachets,Classic Coffee,شركة باجة للصناعات الغذائية,Baja,BAJA CLASSIC COFFEE MILD 100G,2026,3252.156412999999,whitespace_cleaned:Company|duplicate_key_same_year_review
Hot Beverages,Coffee,Instant Coffee & Sachets,Blend Instant Coffee,شركة باجة للصناعات الغذائية,Baja,BAJA CLASSIC COFFEE MILD 200G,2026,24383.478002000007,whitespace_cleaned:Company|duplicate_key_same_year_review
Hot Beverages,Coffee,Instant Coffee & Sachets,Classic Coffee,شركة باجة للصناعات الغذائية,Baja,BAJA CLASSIC COFFEE MILD 200G,2026,1681.7477729999996,whitespace_cleaned:Company|duplicate_key_same_year_review
Hot Beverages,Coffee,Instant Coffee & Sachets,Blend Instant Coffee,شركة باجة للصناعات الغذائية,Baja,BAJA CLASSIC COFFEE MILD 50G,2026,19076.417222000026,whitespace_cleaned:Company|duplicate_key_same_year_review
Hot Beverages,Coffee,Instant Coffee & Sachets,Classic Coffee,شركة باجة للصناعات الغذائية,Baja,BAJA CLASSIC COFFEE MILD 50G,2026,3043.4694649999974,whitespace_cleaned:Company|duplicate_key_same_year_review
Hot Beverages,Coffee,Instant Coffee & Sachets,Blend Instant Coffee,شركة باجة للصناعات الغذائية,Baja,BAJA GOLD COFFEE ARABICA 100G,2026,50157.86019800005,whitespace_cleaned:Company|duplicate_key_same_year_review
Hot Beverages,Coffee,Instant Coffee & Sachets,Blend Instant Coffee,شركة باجة للصناعات الغذائية,Baja,BAJA GOLD COFFEE ROBUSTA 100G,2026,43062.19847199995,whitespace_cleaned:Company|duplicate_key_same_year_review
Hot Beverages,Coffee,Instant Coffee & Sachets,Classic Coffee,شركة باجة للصناعات الغذائية,Baja,BAJA GOLD COFFEE ROBUSTA 100G,2026,9848.156178999992,whitespace_cleaned:Company|duplicate_key_same_year_review
Hot Beverages,Coffee,Instant Coffee & Sachets,Blend Instant Coffee,شركة باجة للصناعات الغذائية,Baja,BAJA GOLD COFFEE ROBUSTA 200G,2026,32651.82657999997,whitespace_cleaned:Company|duplicate_key_same_year_review
Hot Beverages,Coffee,Instant Coffee & Sachets,Classic Coffee,شركة باجة للصناعات الغذائية,Baja,BAJA GOLD COFFEE ROBUSTA 200G,2026,3238.65222,whitespace_cleaned:Company|duplicate_key_same_year_review
Hot Beverages,Coffee,Instant Coffee & Sachets,Iced Coffee Mixes,شركة باسمح للتوزيع التجاري,Cofique,COFIQUE ICED COFFEE CARAMEL 6.5G,2026,15566.539351,whitespace_cleaned:Company|duplicate_key_same_year_review
Hot Beverages,Coffee,Instant Coffee & Sachets,Latte Coffee Mixes,شركة باسمح للتوزيع التجاري,Cofique,COFIQUE ICED COFFEE CARAMEL 6.5G,2026,9954.365366000016,whitespace_cleaned:Company|duplicate_key_same_year_review
Hot Beverages,Coffee,Instant Coffee & Sachets,Iced Coffee Mixes,شركة باسمح للتوزيع التجاري,Cofique,COFIQUE ICED COFFEE ORIGINAL 6.5G,2026,12892.487130000003,whitespace_cleaned:Company|duplicate_key_same_year_review
Hot Beverages,Coffee,Instant Coffee & Sachets,Latte Coffee Mixes,شركة باسمح للتوزيع التجاري,Cofique,COFIQUE ICED COFFEE ORIGINAL 6.5G,2026,7705.530553999995,whitespace_cleaned:Company|duplicate_key_same_year_review
Hot Beverages,Coffee,Instant Coffee & Sachets,Classic Coffee,شركة باسمح للتوزيع التجاري,TIM HORTONS,TIM HORTONS MEDIUM ROAST 200G,2026,10278.869492000002,whitespace_cleaned:Company|duplicate_key_same_year_review
Hot Beverages,Coffee,Instant Coffee & Sachets,3 In 1 Coffee Mixes,شركة سعيد باوزير التجارية,Good day,GOOD DAY CAPPUCCINO COFFEE 25G,2026,168737.57896800013,whitespace_cleaned:Company|duplicate_key_same_year_review
Hot Beverages,Coffee,Instant Coffee & Sachets,Cappuccino Coffee Mixes,شركة سعيد باوزير التجارية,Good day,GOOD DAY CAPPUCCINO COFFEE 25G,2026,115889.97024599998,whitespace_cleaned:Company|duplicate_key_same_year_review
Hot Beverages,Coffee,Instant Coffee & Sachets,2 In 1 Coffee Mixes,شركة سعيد باوزير التجارية,Good day,GOOD DAY NO.SUGR CAPC.COFF 13G,2026,62075.98114600003,whitespace_cleaned:Company|duplicate_key_same_year_review
Hot Beverages,Coffee,Instant Coffee & Sachets,Cappuccino Coffee Mixes,شركة سعيد باوزير التجارية,Good day,GOOD DAY NO.SUGR CAPC.COFF 13G,2026,91603.71952300004,whitespace_cleaned:Company|duplicate_key_same_year_review
Hot Beverages,Coffee,Instant Coffee & Sachets,Classic Coffee,شركة سنابل المتحدة للتجارة,Roast,ROAST MAESTRO CLOMBI CAPSLE57G,2026,58998.99937799989,whitespace_cleaned:Company|duplicate_key_same_year_review
Hot Beverages,Coffee,Instant Coffee & Sachets,Classic Coffee,شركة سنابل المتحدة للتجارة,Roast,ROAST MAESTRO COLD BREW CAP57G,2026,51438.33859199993,whitespace_cleaned:Company|duplicate_key_same_year_review
Hot Beverages,Coffee,Instant Coffee & Sachets,Classic Coffee,شركة سنابل المتحدة للتجارة,Roast,ROAST MAESTRO ETHOPI CAPSLE57G,2026,65413.63461199978,whitespace_cleaned:Company|duplicate_key_same_year_review
Hot Beverages,Coffee,Instant Coffee & Sachets,Classic Coffee,شركة سنابل المتحدة للتجارة,Roast,ROAST MAESTRO LADY.CAPSULE 57G,2026,45402.52128499995,whitespace_cleaned:Company|duplicate_key_same_year_review
Hot Beverages,Coffee,Instant Coffee & Sachets,Classic Coffee,شركة سنابل المتحدة للتجارة,Roast,ROAST MAESTRO RWANDA CAPSLE57G,2026,59409.2602589999,whitespace_cleaned:Company|duplicate_key_same_year_review
Hot Beverages,Coffee,Instant Coffee & Sachets,Classic Coffee,شركة سنابل المتحدة للتجارة,Roast,ROAST MAESTRO UGANDA CAPSUL57G,2026,54113.64344199985,whitespace_cleaned:Company|duplicate_key_same_year_review
Hot Beverages,Coffee,Instant Coffee & Sachets,Classic Coffee,شركة فائق الخير لتجارة الاغذية,Abu Auf,ABU AUF COFFEE PLAIN MEDU 200G,2026,230.869557,whitespace_cleaned:Company|duplicate_key_same_year_review
Hot Beverages,Coffee,Instant Coffee & Sachets,3 In 1 Coffee Mixes,شركة نستله العربية السعودية,Nescafe,NESCAFE MY CUP 3in1.INTENSO20G,2026,249.895634,whitespace_cleaned:Company|duplicate_key_same_year_review
Hot Beverages,Coffee,Instant Coffee & Sachets,4 In 1 Coffee Mixes,شركة نستله العربية السعودية,Nescafe,NESCAFE MY CUP 3in1.INTENSO20G,2026,1738.252067,whitespace_cleaned:Company|duplicate_key_same_year_review
Hot Beverages,Coffee,Instant Coffee & Sachets,Specialty Instant Coffee,مؤسسات سقالة التجارية,Davidoff,DAVIDOFF FINE AROMA CAFE 90G,2025,59017.02200000007,whitespace_cleaned:Company|duplicate_key_same_year_review
Hot Beverages,Coffee,Instant Coffee & Sachets,Specialty Instant Coffee,مؤسسات سقالة التجارية,Davidoff,DAVIDOFF FINE AROMA CAFE 90G,2025,376680.953,whitespace_cleaned:Company|sku_trailing_period_removed|duplicate_key_same_year_review
Hot Beverages,Coffee,Instant Coffee & Sachets,Specialty Instant Coffee,مؤسسات سقالة التجارية,Davidoff,DAVIDOFF RICH AROMA CAFE 90G,2025,70695.99699999997,whitespace_cleaned:Company|duplicate_key_same_year_review
Hot Beverages,Coffee,Instant Coffee & Sachets,Specialty Instant Coffee,مؤسسات سقالة التجارية,Davidoff,DAVIDOFF RICH AROMA CAFE 90G,2025,411683.0549999999,whitespace_cleaned:Company|sku_trailing_period_removed|duplicate_key_same_year_review
Milk & Milk Alternatives,Concentrated Milk,Condensed Milk,Flavored Condensed Milk,شركة نستله العربية السعودية,Nestle,NESTLE CHOCO TOPING SQUEZ 450G,2026,119348.58176899952,whitespace_cleaned:Company|duplicate_key_same_year_review
Milk & Milk Alternatives,Concentrated Milk,Condensed Milk,Squeezable Condensed Milk,شركة نستله العربية السعودية,Nestle,NESTLE CHOCO TOPING SQUEZ 450G,2026,21738.043377999995,whitespace_cleaned:Company|duplicate_key_same_year_review
Milk & Milk Alternatives,Concentrated Milk,Condensed Milk,Flavored Condensed Milk,شركة نستله العربية السعودية,Nestle,NESTLE PISCH TOPING SQUEZ 450G,2026,161153.8267849999,whitespace_cleaned:Company|duplicate_key_same_year_review
Milk & Milk Alternatives,Concentrated Milk,Condensed Milk,Squeezable Condensed Milk,شركة نستله العربية السعودية,Nestle,NESTLE PISCH TOPING SQUEZ 450G,2026,22024.33033199999,whitespace_cleaned:Company|duplicate_key_same_year_review
Pet Supplies,Pet Food,Cat Foods,Wet Cat Food,شركة مارس السعودية العربية للتجارة المحدودة - شركة شخص واحد,Whiskas,WHISKAS BEEF.N'GRAVY 4X80G SO,2025,5721.360999999992,whitespace_cleaned:Company|duplicate_key_same_year_review
Pet Supplies,Pet Food,Cat Foods,Wet Cat Food,شركة مارس السعودية العربية للتجارة المحدودة - شركة شخص واحد,Whiskas,WHISKAS BEEF.N'GRAVY 4X80G SO,2025,45359.619,whitespace_cleaned:Company|sku_trailing_period_removed|duplicate_key_same_year_review
Pet Supplies,Pet Food,Cat Foods,Wet Cat Food,شركة نستله العربية السعودية,Felix,FELIX CAT FOOD CHICKEN 85G,2025,10965.980000000014,whitespace_cleaned:Company|duplicate_key_same_year_review
Pet Supplies,Pet Food,Cat Foods,Wet Cat Food,شركة نستله العربية السعودية,Felix,FELIX CAT FOOD CHICKEN 85G,2025,61391.98999999995,whitespace_cleaned:Company|sku_trailing_period_removed|duplicate_key_same_year_review
Pet Supplies,Pet Food,Cat Foods,Wet Cat Food,شركة نستله العربية السعودية,Felix,FELIX CAT FOOD W/SALMON 85G,2025,10956.920000000013,whitespace_cleaned:Company|duplicate_key_same_year_review
Pet Supplies,Pet Food,Cat Foods,Wet Cat Food,شركة نستله العربية السعودية,Felix,FELIX CAT FOOD W/SALMON 85G,2025,75758.98000000007,whitespace_cleaned:Company|sku_trailing_period_removed|duplicate_key_same_year_review
Pet Supplies,Pet Food,Cat Foods,Dry Cat Food,شركة نستله العربية السعودية,Felix,FELIX CAT FOOD W/TUNA 85G,2025,76.51,whitespace_cleaned:Company|duplicate_key_same_year_review
Pet Supplies,Pet Food,Cat Foods,Dry Cat Food,شركة نستله العربية السعودية,Felix,FELIX CAT FOOD W/TUNA 85G,2025,12724.18,whitespace_cleaned:Company|sku_trailing_period_removed|duplicate_key_same_year_review
Spices & Seasonings,Seasonings,Mixed Seasonings,Seven Spices,شركة اسماعيل علي أبوداود المحدودة,Majdi,MAJDI 7.SPICES SEASONING 230G,2025,8105.289999999984,whitespace_cleaned:Company|duplicate_key_same_year_review
Spices & Seasonings,Seasonings,Mixed Seasonings,Seven Spices,شركة اسماعيل علي أبوداود المحدودة,Majdi,MAJDI 7.SPICES SEASONING 230G,2025,78464.25800000006,whitespace_cleaned:Company|sku_trailing_period_removed|duplicate_key_same_year_review
Spices & Seasonings,Seasonings,Mixed Seasonings,Meat Spices,شركة اسماعيل علي أبوداود المحدودة,Majdi,MAJDI MEAT SPICES 100G,2025,1725.590999999999,whitespace_cleaned:Company|duplicate_key_same_year_review
Spices & Seasonings,Seasonings,Mixed Seasonings,Meat Spices,شركة اسماعيل علي أبوداود المحدودة,Majdi,MAJDI MEAT SPICES 100G,2025,17968.900000000005,whitespace_cleaned:Company|sku_trailing_period_removed|duplicate_key_same_year_review
Spices & Seasonings,Seasonings,Mixed Seasonings,Biryani Masala,شركة تموين الشرق للتجارة شركة مساهمة مقفلة,Freshly,FRESHLY 7 SPICES 220G,2026,45835.92165499999,whitespace_cleaned:Company|duplicate_key_same_year_review
Spices & Seasonings,Seasonings,Mixed Seasonings,Seven Spices,شركة تموين الشرق للتجارة شركة مساهمة مقفلة,Freshly,FRESHLY 7 SPICES 220G,2026,14644.330070000007,whitespace_cleaned:Company|duplicate_key_same_year_review
Spices & Seasonings,Seasonings,Mixed Seasonings,Chicken Spices,شركة تموين الشرق للتجارة شركة مساهمة مقفلة,Freshly,FRESHLY QASIM WHITE SESNG 184G,2026,1584.7825770000004,whitespace_cleaned:Company|duplicate_key_same_year_review
Spices & Seasonings,Seasonings,Mixed Seasonings,White Spices,شركة تموين الشرق للتجارة شركة مساهمة مقفلة,Freshly,FRESHLY QASIM WHITE SESNG 184G,2026,391.30434,whitespace_cleaned:Company|duplicate_key_same_year_review
Spices & Seasonings,Seasonings,Mixed Seasonings,Mixed Spices,شركة تموين الشرق للتجارة شركة مساهمة مقفلة,Freshly,FRESHLY SUIRACHA SEASONING109G,2026,6748.695363000002,whitespace_cleaned:Company|duplicate_key_same_year_review
Spices & Seasonings,Seasonings,Mixed Seasonings,Seven Spices,شركة تموين الشرق للتجارة شركة مساهمة مقفلة,Freshly,FRESHLY SUIRACHA SEASONING109G,2026,21337.82543000003,whitespace_cleaned:Company|duplicate_key_same_year_review
Spices & Seasonings,Seasonings,Mixed Seasonings,Mixed Spices,شركة عافيه العالمية,Afia,AFIA BAHARAT ARABIC MIX 160G,2025,4507.870999999999,whitespace_cleaned:Company|duplicate_key_same_year_review
Spices & Seasonings,Seasonings,Mixed Seasonings,Mixed Spices,شركة عافيه العالمية,Afia,AFIA BAHARAT ARABIC MIX 160G,2025,59056.244000000064,whitespace_cleaned:Company|sku_trailing_period_removed|duplicate_key_same_year_review
Spices & Seasonings,Seasonings,Mixed Seasonings,Biryani Masala,مؤسسات سقالة التجارية,Shan,SHAN BIRYANI MASALA 2X50G,2026,34638.859547999906,whitespace_cleaned:Company|duplicate_key_same_year_review
Spices & Seasonings,Seasonings,Mixed Seasonings,Biryani Spices,مؤسسات سقالة التجارية,Shan,SHAN BIRYANI MASALA 2X50G,2026,61356.82623299959,whitespace_cleaned:Company|duplicate_key_same_year_review
Spices & Seasonings,Seasonings,Mixed Seasonings,Sambosa Spices,مؤسسة بهارات اسرار الامارات التجارية,Asrar,ASRAR ALAMRAT.STUFE&SAMBOS120G,2026,6055.286634000002,whitespace_cleaned:Company|duplicate_key_same_year_review
Spices & Seasonings,Seasonings,Mixed Seasonings,Shawarma Spices,مؤسسة بهارات اسرار الامارات التجارية,Asrar,ASRAR ALAMRAT.STUFE&SAMBOS120G,2026,15110.216753,whitespace_cleaned:Company|duplicate_key_same_year_review
Spices & Seasonings,Seasonings,Mixed Seasonings,Mixed Spices,مؤسسة لولوة ابراهيم محمد الحلوه للتجارة,Khwlah,KHWLAH MIX SPICES 300G,2025,2287.82,whitespace_cleaned:Company|duplicate_key_same_year_review
Spices & Seasonings,Seasonings,Mixed Seasonings,Mixed Spices,مؤسسة لولوة ابراهيم محمد الحلوه للتجارة,Khwlah,KHWLAH MIX SPICES 300G,2025,17179.12300000002,whitespace_cleaned:Company|sku_trailing_period_removed|duplicate_key_same_year_review
Spices & Seasonings,Seasonings,Mixed Seasonings,Hab Mix Spices,مؤسسة لولوة ابراهيم محمد الحلوه للتجارة,Khwlah,KHWLAH MIX SPICES HAB 250G,2025,1361.469,whitespace_cleaned:Company|duplicate_key_same_year_review
Spices & Seasonings,Seasonings,Mixed Seasonings,Hab Mix Spices,مؤسسة لولوة ابراهيم محمد الحلوه للتجارة,Khwlah,KHWLAH MIX SPICES HAB 250G,2025,16181.538,whitespace_cleaned:Company|sku_trailing_period_removed|duplicate_key_same_year_review
Spices & Seasonings,Stocks & Bouillons,Stocks & Cubes,Chicken Stock,شركة نستله العربية السعودية,Maggi,MAGGI STOCK CHICKEN 18G,2025,325798.2930000001,whitespace_cleaned:Company|duplicate_key_same_year_review
Spices & Seasonings,Stocks & Bouillons,Stocks & Cubes,Chicken Stock,شركة نستله العربية السعودية,Maggi,MAGGI STOCK CHICKEN 18G,2025,2334379.219,whitespace_cleaned:Company|sku_trailing_period_removed|duplicate_key_same_year_review
